"Economy","Law Name","Law Number / Ref","Last Amended","Indicator ID","Article / Section","Discovery Tag","Location Reference","Verbatim Snippet","Mapping Rationale","Source URL","Confidence","Notes","Pillar","RDTII_Raw_Score","Coverage"
"Australia","My Health Records Act 2012","","October 2024","P6-I1","Section 77","","","","The My Health Records Act 2012 (Section 77) mandates that such government medical records must not be held or processed outside national borders, ensuring data security and sovereignty. Exceptions apply only if the records do not include personal or identifying information related to healthcare recipients or participants in the system.","https://www.legislation.gov.au/C2012A00063; https://www.ag.gov.au/rights-and-protections/consultations/apec-cross-border-privacy-rules-australias-participation","","BGK Timeframe: Since June 2012, last amended in October 2024 | BGK Note: Pillar 6.1 and 6.2 have the same resources as the policies cover both process and storage requirements.","6","0.5","Personal Health Data"
"Australia","My Health Records Act 2012","","October 2024","P6-I2","Section 77","","","","The My Health Records Act 2012 (Section 77) mandates that such government medical records must be stored and processed within Australia, ensuring data security and sovereignty. Exceptions apply only if the records do not include personal or identifying information related to healthcare recipients or participants in the system.","https://www.legislation.gov.au/C2012A00063; https://www.ag.gov.au/rights-and-protections/consultations/apec-cross-border-privacy-rules-australias-participation","","BGK Timeframe: Since June 2012, last amended in October 2024 | BGK Note: Pillar 6.1 and 6.2 have the same resources as the policies cover both process and storage requirements.","6","0.5","Personal Health Data"
"Australia","Privacy Act 1988","","October 2024","P6-I3","","","","","No infrastructure requirements were found.","https://www.legislation.gov.au/C2004A03712","","BGK Timeframe: Since December 1988, last amended in October 2024","6","0","Horizontal"
"Australia","Privacy Act 1988","","October 2024","P6-I4","APP 8","","","","Under Australian Privacy Principle 8 (APP 8) of the Privacy Act 1988, cross-border disclosure of personal information is allowed in certain conditions, including when the recipient country has similar privacy protections to Australia, when the individual gives consent, or when required by law. Different rules apply for government data, including restrictions to stay within Australia.","https://www.legislation.gov.au/C2004A03712","","BGK Timeframe: Since December 1988, last amended in October 2024","6","1","Horizontal"
"Australia","Privacy Act 1988","","October 2024","P7-I1","","","","","The Privacy Act 1988 is the primary federal legislation that governs protection of personal information and applies horizontally. The Act includes thirteen Privacy Principles, which set out standards, rights and obligations for the handling, holding, use, accessing and correction of personal information (including sensitive information. The Privacy Act's amendment in 2018 introduced a mandatory notification scheme for entities in responding to data breaches. The Notifiable Data Breach Scheme (NDB scheme) introduced an obligation to notify individuals whose personal information is involved in a data breach that is likely to result in serious harm. The NDB scheme applies to all agencies and organisations with existing personal information security obligations under the Australian Privacy Act. The Privacy Act's amendment in 2023 increases the maximum penalties for serious or repeated privacy breaches and provides the Australian Information Commissioner with greater powers to resolve privacy breaches and quickly share information about data breaches.","https://www.legislation.gov.au/C2004A03712; https://www.oaic.gov.au/privacy/notifiable-data-breaches","","BGK Timeframe: Since December 1988, last amended in October 2024 | BGK Note: Since December 2022, the Privacy Act threatens higher penalties, namely the highest of AUD 50 million (approx. USD 33.1 million), three times the value of benefits obtained by the violation or 30% of local turnover. A current proposal aims to enable “action initiation” in the Consumer Data Right framework for sectoral data portability. In 2021, the Attorney General proposed an online privacy code for online platforms and data brokers, which did not advance to date.","7","0","Horizontal"
"Australia","Security of Critical Infrastructure Act 2018","","October 2023","P7-I2","","","","","Australia's Cyber Security is guided through the 2023-2030 Australian Cyber Security Strategy, which includes a roadmap for new legislation and standards.

Until the new legislation under the strategy is passed, Cybersecurity is controlled through a mixture of laws including the Security of Critical Infrastructure Act 2018, Privacy Act 1988 and the Criminal Code Act 1995. These laws contain cybersecurity-related provisions dispersed across sectoral and thematic statutes, addressing critical infrastructure protection, data security, and cybercrime respectively, but they do not constitute a single, coherent, and horizontally applicable cybersecurity-specific legal framework.","https://www.legislation.gov.au/C2018A00029/latest/versions","","BGK Timeframe: Since April 2018, last amended in October 2023 | BGK Note: Before parliament is a standalone Cyber Security Act to ensure strong laws and protections are in place through a clear legislative framework. The Legislative Package consists of the, Cyber Security Bill 2024, Intelligence Services and Other Legislation Amendment (Cyber Security) Bill 2024, Security of Critical Infrastructure and Other Legislation Amendment (Enhanced Response and Prevention) Bill 2024.","7","0.5","Horizontal"
"Australia","Privacy Act 1988","","October 2024","P7-I2","","","","","Australia's Cyber Security is guided through the 2023-2030 Australian Cyber Security Strategy, which includes a roadmap for new legislation and standards.

Until the new legislation under the strategy is passed, Cybersecurity is controlled through a mixture of laws including the Security of Critical Infrastructure Act 2018, Privacy Act 1988 and the Criminal Code Act 1995. These laws contain cybersecurity-related provisions dispersed across sectoral and thematic statutes, addressing critical infrastructure protection, data security, and cybercrime respectively, but they do not constitute a single, coherent, and horizontally applicable cybersecurity-specific legal framework.","https://www.legislation.gov.au/C2004A03712/latest/versions","","BGK Timeframe: Since December 1988, last amended in October 2024 | BGK Note: Before parliament is a standalone Cyber Security Act to ensure strong laws and protections are in place through a clear legislative framework. The Legislative Package consists of the, Cyber Security Bill 2024, Intelligence Services and Other Legislation Amendment (Cyber Security) Bill 2024, Security of Critical Infrastructure and Other Legislation Amendment (Enhanced Response and Prevention) Bill 2024.","7","0.5","Horizontal"
"Australia","Criminal Code Act 1995","","October 2024","P7-I2","","","","","Australia's Cyber Security is guided through the 2023-2030 Australian Cyber Security Strategy, which includes a roadmap for new legislation and standards.

Until the new legislation under the strategy is passed, Cybersecurity is controlled through a mixture of laws including the Security of Critical Infrastructure Act 2018, Privacy Act 1988 and the Criminal Code Act 1995. These laws contain cybersecurity-related provisions dispersed across sectoral and thematic statutes, addressing critical infrastructure protection, data security, and cybercrime respectively, but they do not constitute a single, coherent, and horizontally applicable cybersecurity-specific legal framework.","https://www.legislation.gov.au/C2004A04868/latest/versions","","BGK Timeframe: Since March 1995, last amended in October 2024 | BGK Note: Before parliament is a standalone Cyber Security Act to ensure strong laws and protections are in place through a clear legislative framework. The Legislative Package consists of the, Cyber Security Bill 2024, Intelligence Services and Other Legislation Amendment (Cyber Security) Bill 2024, Security of Critical Infrastructure and Other Legislation Amendment (Enhanced Response and Prevention) Bill 2024.","7","0.5","Horizontal"
"Australia","2023-2030 Australian Cyber Security Strategy","","","P7-I2","","","","","Australia's Cyber Security is guided through the 2023-2030 Australian Cyber Security Strategy, which includes a roadmap for new legislation and standards.

Until the new legislation under the strategy is passed, Cybersecurity is controlled through a mixture of laws including the Security of Critical Infrastructure Act 2018, Privacy Act 1988 and the Criminal Code Act 1995. These laws contain cybersecurity-related provisions dispersed across sectoral and thematic statutes, addressing critical infrastructure protection, data security, and cybercrime respectively, but they do not constitute a single, coherent, and horizontally applicable cybersecurity-specific legal framework.","https://www.homeaffairs.gov.au/about-us/our-portfolios/cyber-security/strategy/2023-2030-australian-cyber-security-strategy","","BGK Timeframe: Since 2023 | BGK Note: Before parliament is a standalone Cyber Security Act to ensure strong laws and protections are in place through a clear legislative framework. The Legislative Package consists of the, Cyber Security Bill 2024, Intelligence Services and Other Legislation Amendment (Cyber Security) Bill 2024, Security of Critical Infrastructure and Other Legislation Amendment (Enhanced Response and Prevention) Bill 2024.","7","0.5","Horizontal"
"Australia","Telecommunications (Interception and Access) Act 1979","","October 2024","P7-I3","Section 187C; Section 187AA","","","","The Telecommunications (Interception and Access) Act 1979 requires a telecommunication service provider to keep specific telecommunications data relating to the services it offers for two years (187C). The dataset to be kept includes: the subscriber and the accounts of telecommunications devices, the source of a communication, the destination of a communication, the date, time and duration of a communication, the type of a communication, and the location of equipment or a line used (187AA). This retention scheme was inserted into the Act by the Telecommunications (Interception and Access) Amendment (Data Retention) Act 2015.","https://www.legislation.gov.au/C2004A02124/latest/text","","BGK Timeframe: Since October 1979, last amended in October 2024","7","1","Internet and mobile service providers"
"Australia","Privacy Impact Assessment 2020","","","P7-I4","APP 1.2; Section 33D(1)","","","","A Privacy Impact Assessment ('PIA') is contemplated by Australian privacy law but, apart from government agencies, is not mandated. However, arguably a PIA is, if not required, highly recommended to fulfil one's obligations under APP 1.2. The guidance and recommendations of the OAIC are that a PIA should be used for any new, changed/varied or altered process, method, or technology used that processes any personal information. In addition, the OAIC may, in writing, direct an agency to conduct a PIA, within a specified period if an agency proposes to engage in an activity or function involving the handling of personal information about individuals, and the OAIC considers that the activity or function might have a significant impact on the privacy of individual (Section 33D(1) of the Privacy Act).","https://www.oaic.gov.au/privacy/guidance-and-advice/privacy-management-framework-enabling-compliance-and-encouraging-good-practice/#step-1-embed-a-culture-of-privacy-that-enables-compliance","","BGK Timeframe: Since 2020","7","0","Horizontal"
"Australia","Data Availability and Transparency Act 2022","","October 2024","P7-I5","Article 104; Section 101; Section 45","","","","On 1 April 2022, the Data Availability and Transparency Act 2022 commenced, creating a new scheme for sharing Commonwealth Government data. Under the Act, authorised Commonwealth bodies can provide controlled access to public sector data to accredited users, being accredited state and federal government entities and public Australian universities, for specific purposes in the public interest. Specifically, under Article 104, if the Commissioner reasonably believes that a person has information or a document relevant to an investigation under section 101, or to any other of the Commissioner’s regulatory functions set out in section 45, the Commissioner may, by written notice given to the person, require the person to give the information, or produce the document, to the Commissioner within the period specified in the notice.","https://www.legislation.gov.au/C2022A00011/latest/text; https://www.datacommissioner.gov.au/law/dat-act","","BGK Timeframe: Since March 2022, last amended October 2024","7","1","Horizontal"
"Australia","Telecommunications (Interception and Access) Act 1979","","October 2024","P7-I5","","","","","The Telecommunications (Interception and Access) Act 1979 allows law enforcement to intercept user communications, even without a warrant in emergencies or for capability testing. It details various warrants like interception (Section 10) and stored communications (Section 110). The Telecommunications and Other Legislation Amendment (Assistance and Access) Act 2018 provides industry assistance powers, ensuring cooperation with executing these warrants. However, Section 317ZH states these powers are void if they'd require a warrant under other mentioned acts. The Telecommunications Legislation Amendment (International Production Orders) Act 2020 permits the government to retrieve encrypted data from foreign companies. The Telecommunications Regulations 2021 enables cooperation between telecommunications providers, financial institutions and state agencies to reduce cyber risks, including via personal information sharing.

The Telecommunications Act 1997, as amended in 2018, provides for three types of requests or notices that the government and certain security and law enforcement agencies can issue to communications providers","https://www.legislation.gov.au/C2004A02124/; https://www.legislation.gov.au/Details/C2021C00496; https://www.legislation.gov.au/Details/C2021A00078; https://www.legislation.gov.au/Details/C2023C00106; https://www.legislation.gov.au/F2021L00289; https://www.legislation.gov.au/C2004A05145","","BGK Timeframe: Since October 1979, last amended in October 2024","7","1","Telecommunications services"
"Australia","Telecommunications and Other Legislation Amendment (Assistance and Access) Act 2018","","September 2021","P7-I5","Section 10; Section 110; Section 317ZH","","","","The Telecommunications (Interception and Access) Act 1979 allows law enforcement to intercept user communications, even without a warrant in emergencies or for capability testing. It details various warrants like interception (Section 10) and stored communications (Section 110). The Telecommunications and Other Legislation Amendment (Assistance and Access) Act 2018 provides industry assistance powers, ensuring cooperation with executing these warrants. However, Section 317ZH states these powers are void if they'd require a warrant under other mentioned acts. The Telecommunications Legislation Amendment (International Production Orders) Act 2020 permits the government to retrieve encrypted data from foreign companies. The Telecommunications Regulations 2021 enables cooperation between telecommunications providers, financial institutions and state agencies to reduce cyber risks, including via personal information sharing.

The Telecommunications Act 1997, as amended in 2018, provides for three types of requests or notices that the government and certain security and law enforcement agencies can issue to communications providers","https://www.legislation.gov.au/C2004A02124/; https://www.legislation.gov.au/Details/C2021C00496; https://www.legislation.gov.au/Details/C2021A00078; https://www.legislation.gov.au/Details/C2023C00106; https://www.legislation.gov.au/F2021L00289; https://www.legislation.gov.au/C2004A05145","","BGK Timeframe: Since December 2018, last amended in September 2021","7","1","Telecommunications services"
"Australia","Telecommunications Legislation Amendment (International Production Orders) Act 2021","","","P7-I5","","","","","The Telecommunications (Interception and Access) Act 1979 allows law enforcement to intercept user communications, even without a warrant in emergencies or for capability testing. It details various warrants like interception (Section 10) and stored communications (Section 110). The Telecommunications and Other Legislation Amendment (Assistance and Access) Act 2018 provides industry assistance powers, ensuring cooperation with executing these warrants. However, Section 317ZH states these powers are void if they'd require a warrant under other mentioned acts. The Telecommunications Legislation Amendment (International Production Orders) Act 2020 permits the government to retrieve encrypted data from foreign companies. The Telecommunications Regulations 2021 enables cooperation between telecommunications providers, financial institutions and state agencies to reduce cyber risks, including via personal information sharing.

The Telecommunications Act 1997, as amended in 2018, provides for three types of requests or notices that the government and certain security and law enforcement agencies can issue to communications providers","https://www.legislation.gov.au/C2004A02124/; https://www.legislation.gov.au/Details/C2021C00496; https://www.legislation.gov.au/Details/C2021A00078; https://www.legislation.gov.au/Details/C2023C00106; https://www.legislation.gov.au/F2021L00289; https://www.legislation.gov.au/C2004A05145","","BGK Timeframe: Since July 2021","7","1","Telecommunications services"
"Australia","Telecommunications Regulations 2021","","October 2024","P7-I5","","","","","The Telecommunications (Interception and Access) Act 1979 allows law enforcement to intercept user communications, even without a warrant in emergencies or for capability testing. It details various warrants like interception (Section 10) and stored communications (Section 110). The Telecommunications and Other Legislation Amendment (Assistance and Access) Act 2018 provides industry assistance powers, ensuring cooperation with executing these warrants. However, Section 317ZH states these powers are void if they'd require a warrant under other mentioned acts. The Telecommunications Legislation Amendment (International Production Orders) Act 2020 permits the government to retrieve encrypted data from foreign companies. The Telecommunications Regulations 2021 enables cooperation between telecommunications providers, financial institutions and state agencies to reduce cyber risks, including via personal information sharing.

The Telecommunications Act 1997, as amended in 2018, provides for three types of requests or notices that the government and certain security and law enforcement agencies can issue to communications providers","https://www.legislation.gov.au/C2004A02124/; https://www.legislation.gov.au/Details/C2021C00496; https://www.legislation.gov.au/Details/C2021A00078; https://www.legislation.gov.au/Details/C2023C00106; https://www.legislation.gov.au/F2021L00289; https://www.legislation.gov.au/C2004A05145","","BGK Timeframe: Since March 2021, last amended in October 2024","7","1","Telecommunications services"
"Australia","Telecommunications Act 1997","","October 2024","P7-I5","","","","","The Telecommunications (Interception and Access) Act 1979 allows law enforcement to intercept user communications, even without a warrant in emergencies or for capability testing. It details various warrants like interception (Section 10) and stored communications (Section 110). The Telecommunications and Other Legislation Amendment (Assistance and Access) Act 2018 provides industry assistance powers, ensuring cooperation with executing these warrants. However, Section 317ZH states these powers are void if they'd require a warrant under other mentioned acts. The Telecommunications Legislation Amendment (International Production Orders) Act 2020 permits the government to retrieve encrypted data from foreign companies. The Telecommunications Regulations 2021 enables cooperation between telecommunications providers, financial institutions and state agencies to reduce cyber risks, including via personal information sharing.

The Telecommunications Act 1997, as amended in 2018, provides for three types of requests or notices that the government and certain security and law enforcement agencies can issue to communications providers","https://www.legislation.gov.au/C2004A02124/; https://www.legislation.gov.au/Details/C2021C00496; https://www.legislation.gov.au/Details/C2021A00078; https://www.legislation.gov.au/Details/C2023C00106; https://www.legislation.gov.au/F2021L00289; https://www.legislation.gov.au/C2004A05145","","BGK Timeframe: Since April 1997, last amended in October 2024","7","1","Telecommunications services"
"Australia","Australian Security Intelligence Organisation Act 1979","","October 2024","P7-I5","Section 25A","","","","The Australian Security Intelligence Act 1979 includes a computer access warrant (Section 25A) permitting the use of telecom facilities to access relevant data

The Surveillance Legislation Amendment (Identify and Disrupt) Act extends the nation's surveillance capabilities, to disrupt data (Section 6), takeover data (Schedule 3) and monitor network activity (Schedule 2).

The Data Availability and Transparency Bill allows governmental authorities to distribute personal data across its agencies.","https://www.legislation.gov.au/C2004A02123","","BGK Timeframe: Since October 1979, last amended in October 2024","7","1","Horizontal"
"Australia","Surveillance Legislation Amendment (Identify and Disrupt) Act 2021","","","P7-I5","","","","","The Australian Security Intelligence Act 1979 includes a computer access warrant (Section 25A) permitting the use of telecom facilities to access relevant data

The Surveillance Legislation Amendment (Identify and Disrupt) Act extends the nation's surveillance capabilities, to disrupt data (Section 6), takeover data (Schedule 3) and monitor network activity (Schedule 2).

The Data Availability and Transparency Bill allows governmental authorities to distribute personal data across its agencies.","https://www.legislation.gov.au/Details/C2021A00098","","BGK Timeframe: Since September 2021","7","1","Horizontal"
"Australia","Data Availability and Transparency Act 2022","","October 2024","P7-I5","Section 6; Schedule 3; Schedule 2","","","","The Australian Security Intelligence Act 1979 includes a computer access warrant (Section 25A) permitting the use of telecom facilities to access relevant data

The Surveillance Legislation Amendment (Identify and Disrupt) Act extends the nation's surveillance capabilities, to disrupt data (Section 6), takeover data (Schedule 3) and monitor network activity (Schedule 2).

The Data Availability and Transparency Bill allows governmental authorities to distribute personal data across its agencies.","https://www.legislation.gov.au/C2022A00011","","BGK Timeframe: Since March 2022, last amended in October 2024","7","1","Horizontal"
"Malaysia","Personal Data Protection Act (Act 709) 2010","","2024","P6-I1","Section 6; Section 9; Section 129","","","","The Personal Data Protection Act (Act 709) 2010 (PDPA) prohibits the transfer of personal data out of Malaysia unless such transfer is to a country, which has been specified and recorded in the Official Gazette by the Minister. Currently, no countries have been specified officially. Notwithstanding the prohibition on transfers of personal data out of the country, the PDPA sets out a number of exceptions to the prohibition, such as where the consent of the data subject has been obtained for such transfer and where the transfer is necessary for the performance of a contract between the parties. When in doubt as to whether the exemptions on data transfer apply, the prudent approach would be to obtain consent from the data subject in respect of such out of Malaysia transfer. In relation to outsourcing, a data user is not allowed to share data with third parties unless the consent of the individual has been obtained.

The PDPA applies broadly across sectors to regulate the processing of personal data for commercial transactions. Any personal data processed in Malaysia must adhere to PDPA standards, including specific security and privacy principles. Section 6 requires that personal data should not be processed unless the data subject consents, or it is necessary for specific legal reasons. The Security Principle in Section 9 enforces practical steps to protect personal data from unauthorized or accidental access during processing, which aligns with local data storage requirements. Section 129 of the PDPA mentions restrictions on transferring personal data to places outside Malaysia unless the destination has data protection laws or the transfer meets specific conditions.

The Personal Data Protection Code of Practice for the Banking and Financial Sector 2017 mandates that personal data be processed according to PDPA principles. Specific rules about data transfer abroad are mentioned in the document, limiting cross-border data transfers without compliance. Similar requirements for the Communications Sector are set out in the Code of Practice for Licensees Under the Communications and Multimedia Act 1998, especially for network and service providers. Both banking and communications sectors mention compliance with the Data Transfer Abroad clause, ensuring that any cross-border data transfer adheres to Malaysia’s data protection standards duscussed in other relevant subpillars.","https://mohre.um.edu.my/img/files/Personal%20Data%20Protection%20(PDPA)%20Act%202010.pdf","","BGK Timeframe: Since November 2013, last amended in 2024 | BGK Note: The 2024 amendments to Malaysia’s Personal Data Protection Act (PDPA) introduce important changes aimed at strengthening data governance and aligning Malaysia’s privacy laws with international standards, such as the EU’s GDPR. A key feature of the amendments is the mandatory breach notification, requiring organizations to report data breaches to the Personal Data Protection Commissioner within 72 hours of detection. This is a significant shift towards greater transparency and accountability in data management.

In addition, the amendments expand the scope of responsibility to data processors, not just data controllers, holding both parties accountable for the protection and handling of personal data. Another critical update is the requirement for both controllers and processors to appoint Data Protection Officers (DPOs), reinforcing organizational responsibility for privacy practices.

The revisions also introduce stricter controls on cross-border data transfers, requiring organizations to conduct a thorough assessment of the receiving country’s data protection standards before transferring data internationally. This ensures that personal data sent abroad is subject to equivalent protections. The amendments significantly increase penalties for non-compliance, raising fines up to 1 million MYR and extending possible imprisonment terms to three years. The Personal Data Protection Commissioner is also granted broader powers to conduct proactive audits to ensure compliance.

Additionally, biometric data is now classified as sensitive personal data, warranting additional safeguards. These changes position Malaysia as a more attractive destination for foreign businesses, particularly in industries that handle significant volumes of data, such as data centers and digital operations","6","0","Horizontal"
"Malaysia","Personal Data Protection (Amendment) Bill (Act A1727) 2024","","","P6-I1","","","","","The Personal Data Protection Act (Act 709) 2010 (PDPA) prohibits the transfer of personal data out of Malaysia unless such transfer is to a country, which has been specified and recorded in the Official Gazette by the Minister. Currently, no countries have been specified officially. Notwithstanding the prohibition on transfers of personal data out of the country, the PDPA sets out a number of exceptions to the prohibition, such as where the consent of the data subject has been obtained for such transfer and where the transfer is necessary for the performance of a contract between the parties. When in doubt as to whether the exemptions on data transfer apply, the prudent approach would be to obtain consent from the data subject in respect of such out of Malaysia transfer. In relation to outsourcing, a data user is not allowed to share data with third parties unless the consent of the individual has been obtained.

The PDPA applies broadly across sectors to regulate the processing of personal data for commercial transactions. Any personal data processed in Malaysia must adhere to PDPA standards, including specific security and privacy principles. Section 6 requires that personal data should not be processed unless the data subject consents, or it is necessary for specific legal reasons. The Security Principle in Section 9 enforces practical steps to protect personal data from unauthorized or accidental access during processing, which aligns with local data storage requirements. Section 129 of the PDPA mentions restrictions on transferring personal data to places outside Malaysia unless the destination has data protection laws or the transfer meets specific conditions.

The Personal Data Protection Code of Practice for the Banking and Financial Sector 2017 mandates that personal data be processed according to PDPA principles. Specific rules about data transfer abroad are mentioned in the document, limiting cross-border data transfers without compliance. Similar requirements for the Communications Sector are set out in the Code of Practice for Licensees Under the Communications and Multimedia Act 1998, especially for network and service providers. Both banking and communications sectors mention compliance with the Data Transfer Abroad clause, ensuring that any cross-border data transfer adheres to Malaysia’s data protection standards duscussed in other relevant subpillars.","https://f.datasrvr.com/fr1/224/81715/DR_21_BI.pdf","","BGK Timeframe: Since July 2024 | BGK Note: The 2024 amendments to Malaysia’s Personal Data Protection Act (PDPA) introduce important changes aimed at strengthening data governance and aligning Malaysia’s privacy laws with international standards, such as the EU’s GDPR. A key feature of the amendments is the mandatory breach notification, requiring organizations to report data breaches to the Personal Data Protection Commissioner within 72 hours of detection. This is a significant shift towards greater transparency and accountability in data management.

In addition, the amendments expand the scope of responsibility to data processors, not just data controllers, holding both parties accountable for the protection and handling of personal data. Another critical update is the requirement for both controllers and processors to appoint Data Protection Officers (DPOs), reinforcing organizational responsibility for privacy practices.

The revisions also introduce stricter controls on cross-border data transfers, requiring organizations to conduct a thorough assessment of the receiving country’s data protection standards before transferring data internationally. This ensures that personal data sent abroad is subject to equivalent protections. The amendments significantly increase penalties for non-compliance, raising fines up to 1 million MYR and extending possible imprisonment terms to three years. The Personal Data Protection Commissioner is also granted broader powers to conduct proactive audits to ensure compliance.

Additionally, biometric data is now classified as sensitive personal data, warranting additional safeguards. These changes position Malaysia as a more attractive destination for foreign businesses, particularly in industries that handle significant volumes of data, such as data centers and digital operations","6","0","Horizontal"
"Malaysia","Personal Data Protection Code of Practice For Banking Sector And Financial Institutions 2017","","","P6-I1","","","","","The Personal Data Protection Act (Act 709) 2010 (PDPA) prohibits the transfer of personal data out of Malaysia unless such transfer is to a country, which has been specified and recorded in the Official Gazette by the Minister. Currently, no countries have been specified officially. Notwithstanding the prohibition on transfers of personal data out of the country, the PDPA sets out a number of exceptions to the prohibition, such as where the consent of the data subject has been obtained for such transfer and where the transfer is necessary for the performance of a contract between the parties. When in doubt as to whether the exemptions on data transfer apply, the prudent approach would be to obtain consent from the data subject in respect of such out of Malaysia transfer. In relation to outsourcing, a data user is not allowed to share data with third parties unless the consent of the individual has been obtained.

The PDPA applies broadly across sectors to regulate the processing of personal data for commercial transactions. Any personal data processed in Malaysia must adhere to PDPA standards, including specific security and privacy principles. Section 6 requires that personal data should not be processed unless the data subject consents, or it is necessary for specific legal reasons. The Security Principle in Section 9 enforces practical steps to protect personal data from unauthorized or accidental access during processing, which aligns with local data storage requirements. Section 129 of the PDPA mentions restrictions on transferring personal data to places outside Malaysia unless the destination has data protection laws or the transfer meets specific conditions.

The Personal Data Protection Code of Practice for the Banking and Financial Sector 2017 mandates that personal data be processed according to PDPA principles. Specific rules about data transfer abroad are mentioned in the document, limiting cross-border data transfers without compliance. Similar requirements for the Communications Sector are set out in the Code of Practice for Licensees Under the Communications and Multimedia Act 1998, especially for network and service providers. Both banking and communications sectors mention compliance with the Data Transfer Abroad clause, ensuring that any cross-border data transfer adheres to Malaysia’s data protection standards duscussed in other relevant subpillars.","https://www.pdp.gov.my/ppdpv1/en/akta/personal-data-protection-code-of-practice-for-banking-sector-and-financial-institutions/","","BGK Timeframe: Since January 2017 | BGK Note: The 2024 amendments to Malaysia’s Personal Data Protection Act (PDPA) introduce important changes aimed at strengthening data governance and aligning Malaysia’s privacy laws with international standards, such as the EU’s GDPR. A key feature of the amendments is the mandatory breach notification, requiring organizations to report data breaches to the Personal Data Protection Commissioner within 72 hours of detection. This is a significant shift towards greater transparency and accountability in data management.

In addition, the amendments expand the scope of responsibility to data processors, not just data controllers, holding both parties accountable for the protection and handling of personal data. Another critical update is the requirement for both controllers and processors to appoint Data Protection Officers (DPOs), reinforcing organizational responsibility for privacy practices.

The revisions also introduce stricter controls on cross-border data transfers, requiring organizations to conduct a thorough assessment of the receiving country’s data protection standards before transferring data internationally. This ensures that personal data sent abroad is subject to equivalent protections. The amendments significantly increase penalties for non-compliance, raising fines up to 1 million MYR and extending possible imprisonment terms to three years. The Personal Data Protection Commissioner is also granted broader powers to conduct proactive audits to ensure compliance.

Additionally, biometric data is now classified as sensitive personal data, warranting additional safeguards. These changes position Malaysia as a more attractive destination for foreign businesses, particularly in industries that handle significant volumes of data, such as data centers and digital operations","6","0","Horizontal"
"Malaysia","Personal Data Protection Act (Act 709) 2010","","2024","P6-I2","","","","","Malaysia currently does not have a strict data localization law that mandates all personal data to be stored exclusively within the country. However, the Personal Data Protection Act (Act 709) 2010 includes provisions that regulate cross-border data transfers, requiring that personal data can only be transferred out of Malaysia if the recipient country provides an adequate level of data protection. This means that while data can be stored and processed abroad, certain safeguards must be in place to protect personal data.

For certain sectors, like banking and finance, there are sector-specific guidelines (e.g., the Banking and Financial Sector Code of Practice) that impose more stringent conditions on data transfers and suggest that local processing is preferable to ensure compliance with security and privacy standards. These requirements do not constitute a blanket local storage mandate but make local storage a practical solution for ensuring compliance with security obligations, especially for sensitive data.","https://mohre.um.edu.my/img/files/Personal%20Data%20Protection%20(PDPA)%20Act%202010.pdf","","BGK Timeframe: Since November 2013, last amended in 2024","6","0","Horizontal"
"Malaysia","Personal Data Protection (Amendment) Bill (Act A1727) 2024","","","P6-I2","","","","","Malaysia currently does not have a strict data localization law that mandates all personal data to be stored exclusively within the country. However, the Personal Data Protection Act (Act 709) 2010 includes provisions that regulate cross-border data transfers, requiring that personal data can only be transferred out of Malaysia if the recipient country provides an adequate level of data protection. This means that while data can be stored and processed abroad, certain safeguards must be in place to protect personal data.

For certain sectors, like banking and finance, there are sector-specific guidelines (e.g., the Banking and Financial Sector Code of Practice) that impose more stringent conditions on data transfers and suggest that local processing is preferable to ensure compliance with security and privacy standards. These requirements do not constitute a blanket local storage mandate but make local storage a practical solution for ensuring compliance with security obligations, especially for sensitive data.","https://www.pdp.gov.my/ppdpv1/en/akta/personal-data-protection-code-of-practice-for-banking-sector-and-financial-institutions/","","BGK Timeframe: Since July 2024","6","0","Horizontal"
"Malaysia","Personal Data Protection Code of Practice For Banking Sector And Financial Institutions 2017","","","P6-I2","","","","","Malaysia currently does not have a strict data localization law that mandates all personal data to be stored exclusively within the country. However, the Personal Data Protection Act (Act 709) 2010 includes provisions that regulate cross-border data transfers, requiring that personal data can only be transferred out of Malaysia if the recipient country provides an adequate level of data protection. This means that while data can be stored and processed abroad, certain safeguards must be in place to protect personal data.

For certain sectors, like banking and finance, there are sector-specific guidelines (e.g., the Banking and Financial Sector Code of Practice) that impose more stringent conditions on data transfers and suggest that local processing is preferable to ensure compliance with security and privacy standards. These requirements do not constitute a blanket local storage mandate but make local storage a practical solution for ensuring compliance with security obligations, especially for sensitive data.","https://www.pdp.gov.my/ppdpv1/en/akta/personal-data-protection-code-of-practice-for-banking-sector-and-financial-institutions/","","BGK Timeframe: Since January 2017","6","0","Horizontal"
"Malaysia","Personal Data Protection Code of Practice For Banking Sector And Financial Institutions 2017","","","P6-I2","Section 3.1.4","","","","In the Personal Data Protection Code of Practice for the Banking and Financial Sector (2017), relevant local processing requirements are outlined underSection 3.1.1. Data users (banks and financial institutions) must process (e.g., to collect, use, modify, store and/or dispose of) personal data only with consent from the data subject, except in cases of legal necessity. Banks must take practical steps to secure personal data, which includes storing data locally in secure systems and preventing unauthorized access or loss (Security Principle Section 3.1.4).","https://www.pdp.gov.my/ppdpv1/en/akta/personal-data-protection-code-of-practice-for-banking-sector-and-financial-institutions/","","BGK Timeframe: Since January 2017","6","0","Financial service"
"Malaysia","Personal Data Protection Act (Act 709) 2010","","2024","P6-I2","Section 3.1; Section 3.4","","","","The Personal Data Protection Code of Practice for Licensees Under the Communications and Multimedia (Act 1998) provides rules for handling personal data in the communications sector:
- Local Processing Requirements:
	• General Principle (Section 3.1): Personal data must be processed within Malaysia with proper consent from data subjects unless otherwise legally required.
	• Security Principle (Section 3.4): Communications licensees must ensure that secure systems are in place for storing and processing personal data, which includes local data storage and restricting unauthorized access.","https://mohre.um.edu.my/img/files/Personal%20Data%20Protection%20(PDPA)%20Act%202010.pdf","","BGK Timeframe: Since November 2013, last amended in 2024","6","0","Horizontal"
"Malaysia","Personal Data Protection Code of Practice for Licensees Under the Communications and Multimedia (Act 1998) of 2017","","","P6-I2","","","","","The Personal Data Protection Code of Practice for Licensees Under the Communications and Multimedia (Act 1998) provides rules for handling personal data in the communications sector:
- Local Processing Requirements:
	• General Principle (Section 3.1): Personal data must be processed within Malaysia with proper consent from data subjects unless otherwise legally required.
	• Security Principle (Section 3.4): Communications licensees must ensure that secure systems are in place for storing and processing personal data, which includes local data storage and restricting unauthorized access.","https://www.pdp.gov.my/ppdpv1/en/akta/personal-data-protection-code-of-practice-for-the-communications-sector/","","BGK Timeframe: Since November 2017","6","0","Horizontal"
"Malaysia","Services Tax Act (Act 807) 2018","","","P6-I2","Section 24","","","","Section 24 of the Service Tax Act 2018 (Act 807) sets out the obligations for recordkeeping by taxable persons. Every taxable person must keep complete, accurate, and up-to-date records of all transactions that affect or may affect their liability to service tax. This includes records of all taxable services provided or received (such as invoices, receipts, debit and credit notes), records of imported taxable services, and any other records as may be determined by the Director General. These records must be preserved for seven years from the most recent date to which they relate, must be kept in either the national language or English, and must be retained in Malaysia unless otherwise approved by the Director General under specific conditions.

If records are maintained in an electronically readable format, they must be stored in a way that allows for ready access and conversion into writing. If records originally kept in manual form are later converted to electronic form, the original manual versions must also be preserved. Copies of records are admissible in legal proceedings to the same extent as the originals. This section also applies to any person, other than a taxable person, who acquires imported taxable services in the course of business. Failure to comply with any of these requirements is an offence and may result in a fine of up to RM50,000, imprisonment of up to three years, or both. However, these obligations do not apply to foreign registered persons.

Note that this requirement was available under the repealed Goods and Services Tax Act 2014.","https://www.investmalaysia.gov.my/media/rsoj31eh/service-tax-act-2018.pdf","","BGK Timeframe: Since January 2023 | BGK Note: The Goods and Services Tax Act 2014 was repealed in 2018 (https://web.archive.org/web/20240905220824/https://phl.hasil.gov.my/pdf/pdfam/Act_53_20190101.pdf)

The Service Tax Act 1975 [Act 151] and the Sales Tax Act 1972 [Act 64] have since been repealed by
the the Goods and Services Act 2014 [Act 762] which comes into operation on 1 July 2014 and 1 April 2012—
see sections 178 and 181 of Act 762 and P.U. (B) 319/2014.","6","0.5","Service tax records"
"Malaysia","Income Tax Act (Act 53) 1967","","December 2018","P6-I2","Section 82","","","","Section 82 imposes a legal duty on all businesses to maintain proper records and, where applicable, issue receipts. Every business must keep accurate and sufficient records for at least seven years from the end of the relevant income year to allow tax authorities to determine taxable income or losses. If gross takings exceed RM150,000 from goods or RM100,000 from services, the business must issue serially numbered printed receipts for each transaction and keep duplicates. Businesses that file late returns must also keep records for seven years from the filing date.

If a sales recording machine is used, the receipt requirement may be waived, but only if the machine records all transactions accurately. The Director General may set or waive requirements for recordkeeping and receipts and may also request audited financial statements under the Companies Act 2016 if existing records are inadequate. Entries must be made within 60 days of each transaction. Records kept electronically must be readable, accessible, and convertible to written form; if manual records are later digitized, the originals must be preserved.

Moreover, All records that relate to any business in Malaysia shall be kept and retained in Malaysia. This includes records of (a) books of account recording receipts and payments or income and expenditure; (b) invoices, vouchers, receipts and such other documents as in the opinion of the Director General are necessary to verify the entries in any books of account; and (c) any other records as may be specified by the Director General under subsection (3).","https://www.hasil.gov.my/media/znonhmuj/20231101-income-tax-act-1967-act-53.pdf; https://www.hasil.gov.my/en/legislation/act/","","BGK Timeframe: Since September 1967, last amended in December 2018","6","0.5","Income tax records"
"Malaysia","Personal Data Protection Act (Act 709) 2010","","2024","P6-I3","","","","","In Malaysia, there are no explicit, broad-based data localization requirements that mandate all personal data to be stored within the country or to have their own data center in Malaysia. However, specific regulations under certain sectors, like banking, finance, and telecommunications, impose strict conditions on cross-border data transfers, which effectively encourage local processing and can be interpreted as a form of data localization.","https://mohre.um.edu.my/img/files/Personal%20Data%20Protection%20(PDPA)%20Act%202010.pdf","","BGK Timeframe: Since November 2013, last amended in 2024 | BGK Note: https://www.lexology.com/library/detail.aspx?g=ee9444ef-e33e-4716-a920-17df5258267c

https://www.pdp.gov.my/ppdpv1/en/akta/personal-data-protection-code-of-practice-for-the-communications-sector/

https://www.industrialmalaysia.com.my/article/malaysia-data-centre

https://www.dataguidance.com/notes/malaysia-data-protection-overview","6","0","Horizontal"
"Malaysia","Personal Data Protection Code of Practice for Licensees Under the Communications and Multimedia (Act 1998) of 2017","","","P6-I3","","","","","In Malaysia, there are no explicit, broad-based data localization requirements that mandate all personal data to be stored within the country or to have their own data center in Malaysia. However, specific regulations under certain sectors, like banking, finance, and telecommunications, impose strict conditions on cross-border data transfers, which effectively encourage local processing and can be interpreted as a form of data localization.","https://www.pdp.gov.my/ppdpv1/en/akta/personal-data-protection-code-of-practice-for-the-communications-sector/","","BGK Timeframe: Since November 2017 | BGK Note: https://www.lexology.com/library/detail.aspx?g=ee9444ef-e33e-4716-a920-17df5258267c

https://www.pdp.gov.my/ppdpv1/en/akta/personal-data-protection-code-of-practice-for-the-communications-sector/

https://www.industrialmalaysia.com.my/article/malaysia-data-centre

https://www.dataguidance.com/notes/malaysia-data-protection-overview","6","0","Horizontal"
"Malaysia","Personal Data Protection Act (Act 709) 2010","","2024","P6-I4","Section 129; Section 6; Section 9; Section 3.1.5; Section 4.11; Schedule 1; Section 1.1(38)","","","","The Personal Data Protection Act (Act 709) 2010 (PDPA) does not permit a data user to transfer any personal data out of Malaysia. However, the Act offers a set of exceptions, permitting the transfer of data abroad under certain conditions. Section 129 (Cross-border data transfers) prescribes that personal data shall be transferred to any location outside Malaysia if:
- the data subject has given his explicit consent to the transfer;
- the transfer is necessary for the performance of a contract between the data subject and the data user;
- the transfer is necessary for the conclusion or performance of a contract between the data user and a third party that is either entered into at the request of the data subject or in his interest;
- the transfer is in the exercise of or to defend a legal right;
- the transfer mitigates adverse actions against the data subjects;
- reasonable precautions and all due diligence to ensure compliance to conditions of the Act were taken; or
- the transfer was necessary for the protection the data subject’s vital interests or for the public interest as determined by the Minister.

Additionally, Section 6 – General Principle: Personal data shall not be processed unless the data subject consents to the processing, except in specific situations like fulfilling contractual obligations or complying with legal requirements. Section 9 – Security Principle: Data users must take practical steps to ensure personal data is protected against loss, misuse, modification, unauthorized access, or disclosure. This includes securing local processing and storage systems.

The Personal Data Protection (Amendment) Bill 2024 (Act A1727) amendments to the PDPA introduce stricter controls on cross-border data transfers, requiring organizations to assess the recipient country’s data protection framework to ensure that adequate protections are in place before transferring data. This could further encourage local data storage as an easier compliance path.

- In the Retention Principle (Section 3.1.5), Personal data should not be kept longer than necessary for the purpose it was collected.
- In the Transfer of Personal Data Abroad, Section 4.11 prohibits the transfer of personal data abroad unless the recipient country ensures adequate protection under similar data protection laws or explicit consent from the data subject is obtained.
- In the Conditions for Transfer in Schedule 1, Section 1.1(38): Any cross-border transfer must ensure compliance with the PDPA’s principles, particularly related to the security of data, and must have written agreements with third-party data processors abroad.","https://mohre.um.edu.my/img/files/Personal%20Data%20Protection%20(PDPA)%20Act%202010.pdf","","BGK Timeframe: Since November 2013, last amended in 2024 | BGK Note: https://www.lexology.com/library/detail.aspx?g=ee9444ef-e33e-4716-a920-17df5258267c

https://www.lexology.com/library/detail.aspx?g=b4115b87-c73c-42ed-be24-c38a64109500

https://formiti.com/the-malaysia-personal-data-protection-act-2010-all-you-need-to-know-part-1/","6","1","Horizontal"
"Malaysia","Personal Data Protection (Amendment) Bill (Act A1727) 2024","","","P6-I4","","","","","The Personal Data Protection Act (Act 709) 2010 (PDPA) does not permit a data user to transfer any personal data out of Malaysia. However, the Act offers a set of exceptions, permitting the transfer of data abroad under certain conditions. Section 129 (Cross-border data transfers) prescribes that personal data shall be transferred to any location outside Malaysia if:
- the data subject has given his explicit consent to the transfer;
- the transfer is necessary for the performance of a contract between the data subject and the data user;
- the transfer is necessary for the conclusion or performance of a contract between the data user and a third party that is either entered into at the request of the data subject or in his interest;
- the transfer is in the exercise of or to defend a legal right;
- the transfer mitigates adverse actions against the data subjects;
- reasonable precautions and all due diligence to ensure compliance to conditions of the Act were taken; or
- the transfer was necessary for the protection the data subject’s vital interests or for the public interest as determined by the Minister.

Additionally, Section 6 – General Principle: Personal data shall not be processed unless the data subject consents to the processing, except in specific situations like fulfilling contractual obligations or complying with legal requirements. Section 9 – Security Principle: Data users must take practical steps to ensure personal data is protected against loss, misuse, modification, unauthorized access, or disclosure. This includes securing local processing and storage systems.

The Personal Data Protection (Amendment) Bill 2024 (Act A1727) amendments to the PDPA introduce stricter controls on cross-border data transfers, requiring organizations to assess the recipient country’s data protection framework to ensure that adequate protections are in place before transferring data. This could further encourage local data storage as an easier compliance path.

- In the Retention Principle (Section 3.1.5), Personal data should not be kept longer than necessary for the purpose it was collected.
- In the Transfer of Personal Data Abroad, Section 4.11 prohibits the transfer of personal data abroad unless the recipient country ensures adequate protection under similar data protection laws or explicit consent from the data subject is obtained.
- In the Conditions for Transfer in Schedule 1, Section 1.1(38): Any cross-border transfer must ensure compliance with the PDPA’s principles, particularly related to the security of data, and must have written agreements with third-party data processors abroad.","https://www.pdp.gov.my/ppdpv1/akta/akta-pdppindaan-2024/","","BGK Timeframe: Since July 2024 | BGK Note: https://www.lexology.com/library/detail.aspx?g=ee9444ef-e33e-4716-a920-17df5258267c

https://www.lexology.com/library/detail.aspx?g=b4115b87-c73c-42ed-be24-c38a64109500

https://formiti.com/the-malaysia-personal-data-protection-act-2010-all-you-need-to-know-part-1/","6","1","Horizontal"
"Malaysia","Personal Data Protection Code of Practice For Banking Sector And Financial Institutions 2017","","","P6-I4","Schedule 1; Section 1.1; Section 4.10","","","","In the Personal Data Protection Code of Practice for the Banking and Financial Sector (2017), the conditions for Transfer in Schedule 1 (Rights of Data Subjects), Section 1.1: Any cross-border transfer must ensure compliance with the PDPA’s principles, particularly related to the security of data, and must have written agreements with third-party data processors abroad. Transfer of Personal Data Abroad (Section 4.10)  prohibits the transfer of personal data abroad unless the recipient country ensures adequate protection under similar data protection laws or explicit consent from the data subject is obtained.

Section 4.10 (Transfer of Personal Data Abroad)  provides that the Act prohibits the transfer of personal data outside of Malaysia unless the transfer is to a country with sufficient data protection laws, as specified by the Minister in a Government Gazette, which will be based on the Commissioner’s recommendation to the Minister.","https://www.pdp.gov.my/ppdpv1/en/akta/personal-data-protection-code-of-practice-for-banking-sector-and-financial-institutions/","","BGK Timeframe: Since January 2017","6","1","Financial service"
"Malaysia","Personal Data Protection Code of Practice for Licensees Under the Communications and Multimedia (Act 1998) of 2017","","","P6-I4","Section 4.7; Section 3.2(ii)","","","","Personal Data Protection Code of Practice for Licensees Under the Communications and Multimedia (Act 1998) of 2017
- Transfer of Personal Data Abroad (Section 4.7): Licensees may not transfer personal data abroad unless the receiving country provides an adequate level of protection, or specific consent is obtained from the data subject.
- Third-Party Service Providers (Section 3.2(ii)): If personal data is transferred to third parties outside Malaysia (e.g., for marketing or debt collection), the service provider must comply with the same standards as the local data user, ensuring equivalent data protection abroad","https://www.pdp.gov.my/ppdpv1/en/akta/personal-data-protection-code-of-practice-for-the-communications-sector/","","BGK Timeframe: Since November 2017","6","1","Horizontal"
"Malaysia","Personal Data Protection Act (Act 709) 2010","","2024","P7-I1","Section 5","","","","Malaysia has a comprehensive data protection framework established through the Personal Data Protection Act (Act 709) 2010, which applies to the processing of personal data in commercial transactions. The PDPA regulates how personal data can be collected, used, and disclosed, and it imposes obligations on data users (companies and organizations) to protect the personal data of individuals.

Moreover, the Personal Data Protection (Amendment) Bill 2024 (Act A1727) amendments to the PDPA further enhance this framework by introducing mandatory data breach notifications, extending data processor obligations, and increasing penalties for non-compliance, aligning Malaysia’s privacy regulations more closely with international standards like the EU’s GDPR. Specifically, data Breach Notification (Section 12b) requires data controllers (including those in banking and communications sectors) to notify the Personal Data Protection Commissioner and affected data subjects in the event of a data breach, especially if the breach poses significant harm. Moreover, penalties (Amendment of Section 5) prescribes that the penalties for non-compliance with the Security Principle or data breach requirements have been increased to 1 million ringgit or imprisonment of up to three years, or both.

In addition to the PDPA, sector-specific codes of practice also exist for industries like banking, finance, and communications, but these operate within the comprehensive legal framework provided by the PDPA.","https://mohre.um.edu.my/img/files/Personal%20Data%20Protection%20(PDPA)%20Act%202010.pdf","","BGK Timeframe: Since November 2013, last amended in 2024 | BGK Note: *On 15 November 2013, the Personal Data Protection Act 2010 (PDPA) came into force in Malaysia with the objective of protecting the personal data of individuals with respect to commercial transactions. It was gazetted in June 2010.

https://www.pwc.com/my/en/services/assurance/pdpa.html","7","0","Horizontal"
"Malaysia","Personal Data Protection (Amendment) Bill (Act A1727) 2024","","","P7-I1","Section 12b","","","","Malaysia has a comprehensive data protection framework established through the Personal Data Protection Act (Act 709) 2010, which applies to the processing of personal data in commercial transactions. The PDPA regulates how personal data can be collected, used, and disclosed, and it imposes obligations on data users (companies and organizations) to protect the personal data of individuals.

Moreover, the Personal Data Protection (Amendment) Bill 2024 (Act A1727) amendments to the PDPA further enhance this framework by introducing mandatory data breach notifications, extending data processor obligations, and increasing penalties for non-compliance, aligning Malaysia’s privacy regulations more closely with international standards like the EU’s GDPR. Specifically, data Breach Notification (Section 12b) requires data controllers (including those in banking and communications sectors) to notify the Personal Data Protection Commissioner and affected data subjects in the event of a data breach, especially if the breach poses significant harm. Moreover, penalties (Amendment of Section 5) prescribes that the penalties for non-compliance with the Security Principle or data breach requirements have been increased to 1 million ringgit or imprisonment of up to three years, or both.

In addition to the PDPA, sector-specific codes of practice also exist for industries like banking, finance, and communications, but these operate within the comprehensive legal framework provided by the PDPA.","https://f.datasrvr.com/fr1/224/81715/DR_21_BI.pdf","","BGK Timeframe: Since July 2024 | BGK Note: *On 15 November 2013, the Personal Data Protection Act 2010 (PDPA) came into force in Malaysia with the objective of protecting the personal data of individuals with respect to commercial transactions. It was gazetted in June 2010.

https://www.pwc.com/my/en/services/assurance/pdpa.html","7","0","Horizontal"
"Malaysia","Computer Crimes Act (Act 563) 1997","","January 2006","P7-I2","","","","","Malaysia previous cybersecurity law was based on Computer Crimes Act (Act 563) 1997, it criminalizes various cybercrimes, such as unauthorized access to computers, modification of computer content, and other malicious cyber activities. However, it mainly addresses cyber offenses rather than a broader cybersecurity framework. The Cyber Security Act 2024 now provides a comprehensive framework to address national cybersecurity threats and regulate service providers.

The new Cyber Security Act (Act 854) 2024 enhances Malaysia’s national cybersecurity efforts by:
	1. Establishing a National Cyber Security Committee, responsible for overseeing cybersecurity policies and national coordination (Part III - Duties and Powers of Chief Executive).
	2. Defining roles for critical information infrastructure entities and mandating them to comply with cybersecurity risk assessments, audits, and notifications of cybersecurity incidents. Sections 15-24 cover the responsibilities and duties of entities designated as national critical information infrastructure.
	3. Regulating cybersecurity service providers through a licensing regime to ensure that those offering services like managed security operation center monitoring and penetration testing adhere to national standards. Sections 27-34 focus on the licensing of cybersecurity service providers.
	4. Strengthening enforcement through powers of investigation, search, and seizure, allowing the government to respond effectively to cybersecurity threats (Sections 36-52), thus, enabling the enforcement of cybersecurity regulations and the management of cyber incidents.
This new law positions Malaysia to better handle cyber risks and threats to its critical infrastructures.","https://ccid.rmp.gov.my/Laws/Computer_Crime_Act_1997.pdf","","BGK Timeframe: Since June 1997, last amended in January 2006","7","0","Horizontal"
"Malaysia","Cyber Security Act (Act 854) 2024","","","P7-I2","Section 15; Section 27; Section 36","","","","Malaysia previous cybersecurity law was based on Computer Crimes Act (Act 563) 1997, it criminalizes various cybercrimes, such as unauthorized access to computers, modification of computer content, and other malicious cyber activities. However, it mainly addresses cyber offenses rather than a broader cybersecurity framework. The Cyber Security Act 2024 now provides a comprehensive framework to address national cybersecurity threats and regulate service providers.

The new Cyber Security Act (Act 854) 2024 enhances Malaysia’s national cybersecurity efforts by:
	1. Establishing a National Cyber Security Committee, responsible for overseeing cybersecurity policies and national coordination (Part III - Duties and Powers of Chief Executive).
	2. Defining roles for critical information infrastructure entities and mandating them to comply with cybersecurity risk assessments, audits, and notifications of cybersecurity incidents. Sections 15-24 cover the responsibilities and duties of entities designated as national critical information infrastructure.
	3. Regulating cybersecurity service providers through a licensing regime to ensure that those offering services like managed security operation center monitoring and penetration testing adhere to national standards. Sections 27-34 focus on the licensing of cybersecurity service providers.
	4. Strengthening enforcement through powers of investigation, search, and seizure, allowing the government to respond effectively to cybersecurity threats (Sections 36-52), thus, enabling the enforcement of cybersecurity regulations and the management of cyber incidents.
This new law positions Malaysia to better handle cyber risks and threats to its critical infrastructures.","https://lokekinggoh.com/layout2/wp-content/uploads/2024/06/Act-854.pdf","","BGK Timeframe: Since June 2024","7","0","Horizontal"
"Malaysia","Personal Data Protection Act (Act 709) 2010","","2024","P7-I3","","","","","The data retention requirements for personal data are generally governed by the Personal Data Protection Act (Act 709) 2010 (PDPA). The PDPA 2010 enforces the Retention Principle, which requires data to be kept only as long as necessary for the purpose for which it was collected. However, this principle allows individual sectors to set their own retention periods based on operational needs or other regulatory obligations. In addition to the retention principle under the PDPA, the 2015 Standards outline the main standards for data retention which apply to personal data which is processed either electronically or non-electronically. A brief overview of the measures prescribed by the 2015 Standards are as follows:
1) to ensure that all legislation relating to the processing and storing of personal data is complied with before disposing of personal data;
2) not retaining personal data for longer than is required unless there are other legislative requirements that require personal data to be kept for a longer period;
3) to prepare and maintain records on the disposal of personal data and to submit these records when directed by the Commissioner;
4) to dispose of any personal data collection forms used for commercial transactions within 14 days, unless the form has legislative value in connection with the commercial transaction;
5) to review and dispose of all personal data that is no longer needed in the database;
6) to have a personal data disposal schedule for a period of 24 months for any inactive personal data; and
to obtain written consent from the higher management of the data user's organization if using removable media devices for the purposes of personal data storage.","https://mohre.um.edu.my/img/files/Personal%20Data%20Protection%20(PDPA)%20Act%202010.pdf","","BGK Timeframe: Since November 2013, last amended in 2024","7","1","Horizontal"
"Malaysia","Personal Data Protection (Amendment) Bill (Act A1727) 2024","","","P7-I3","","","","","The data retention requirements for personal data are generally governed by the Personal Data Protection Act (Act 709) 2010 (PDPA). The PDPA 2010 enforces the Retention Principle, which requires data to be kept only as long as necessary for the purpose for which it was collected. However, this principle allows individual sectors to set their own retention periods based on operational needs or other regulatory obligations. In addition to the retention principle under the PDPA, the 2015 Standards outline the main standards for data retention which apply to personal data which is processed either electronically or non-electronically. A brief overview of the measures prescribed by the 2015 Standards are as follows:
1) to ensure that all legislation relating to the processing and storing of personal data is complied with before disposing of personal data;
2) not retaining personal data for longer than is required unless there are other legislative requirements that require personal data to be kept for a longer period;
3) to prepare and maintain records on the disposal of personal data and to submit these records when directed by the Commissioner;
4) to dispose of any personal data collection forms used for commercial transactions within 14 days, unless the form has legislative value in connection with the commercial transaction;
5) to review and dispose of all personal data that is no longer needed in the database;
6) to have a personal data disposal schedule for a period of 24 months for any inactive personal data; and
to obtain written consent from the higher management of the data user's organization if using removable media devices for the purposes of personal data storage.","https://f.datasrvr.com/fr1/224/81715/DR_21_BI.pdf","","BGK Timeframe: Since July 2024","7","1","Horizontal"
"Malaysia","Personal Data Protection Standard 2015","","","P7-I3","","","","","The data retention requirements for personal data are generally governed by the Personal Data Protection Act (Act 709) 2010 (PDPA). The PDPA 2010 enforces the Retention Principle, which requires data to be kept only as long as necessary for the purpose for which it was collected. However, this principle allows individual sectors to set their own retention periods based on operational needs or other regulatory obligations. In addition to the retention principle under the PDPA, the 2015 Standards outline the main standards for data retention which apply to personal data which is processed either electronically or non-electronically. A brief overview of the measures prescribed by the 2015 Standards are as follows:
1) to ensure that all legislation relating to the processing and storing of personal data is complied with before disposing of personal data;
2) not retaining personal data for longer than is required unless there are other legislative requirements that require personal data to be kept for a longer period;
3) to prepare and maintain records on the disposal of personal data and to submit these records when directed by the Commissioner;
4) to dispose of any personal data collection forms used for commercial transactions within 14 days, unless the form has legislative value in connection with the commercial transaction;
5) to review and dispose of all personal data that is no longer needed in the database;
6) to have a personal data disposal schedule for a period of 24 months for any inactive personal data; and
to obtain written consent from the higher management of the data user's organization if using removable media devices for the purposes of personal data storage.","https://www.viatris.com/-/media/project/common/viatris/pdf/malaysia/malaysian-personal-data-protection-act-updated-2015.pdf","","BGK Timeframe: Since December 2015","7","1","Horizontal"
"Malaysia","Personal Data Protection Code of Practice for Licensees Under the Communications and Multimedia (Act 1998) of 2017","","","P7-I3","Section 5.5; Section 5.0","","","","The Code of Practice for Licensees Under the Communications and Multimedia (Act 1998) 2017 also highlights the retention principle, specifying that personal data should be kept only as long as necessary for its intended purpose (Section 5.5). After the purpose has been fulfilled, data must be securely destroyed or deleted (Section 5.0).","https://www.pdp.gov.my/ppdpv1/en/akta/personal-data-protection-code-of-practice-for-the-communications-sector/","","BGK Timeframe: Since November 2017","7","1","Communications Sector"
"Malaysia","Personal Data Protection Code of Practice For Banking Sector And Financial Institutions 2017","","","P7-I3","Section 3.5; Section 3.5.4; Section 3.5.5; Section 3.5.9","","","","In the Personal Data Protection Code of Practice for the Banking and Financial Sector (2017), Section 3.5 prescribes retention principle. Personal data should not be kept longer than necessary for the purpose it was collected. The Act also provides that upon the purpose being fulfilled, Data Users are required to permanently destroy/delete the personal data. This requirement applies to both physical and electronic copies of documents containing personal data.

According to the Bank DP Guide, personal data in the banking sector may be retained for a period of seven years from the date of closure or termination of accounts or facilities Section (Section 3.5.4 and 3.5.5). In certain circumstances, personal data may be retained beyond seven years if required by law or regulatory bodies, such as Bank Negara Malaysia. Upon the fulfillment of the purpose for which personal data was collected, the data must be permanently deleted or destroyed as per Section 3.5.9.","https://www.pdp.gov.my/ppdpv1/en/akta/personal-data-protection-code-of-practice-for-banking-sector-and-financial-institutions/","","BGK Timeframe: Since January 2017","7","0","Financial service"
"Malaysia","Services Tax Act (Act 807) 2018","","","P7-I3","Section 24","","","","Section 24 of the Service Tax Act 2018 (Act 807) sets out the obligations for recordkeeping by taxable persons. Every taxable person must keep complete, accurate, and up-to-date records of all transactions that affect or may affect their liability to service tax. This includes records of all taxable services provided or received (such as invoices, receipts, debit and credit notes), records of imported taxable services, and any other records as may be determined by the Director General. These records must be preserved for seven years from the most recent date to which they relate, must be kept in either the national language or English, and must be retained in Malaysia unless otherwise approved by the Director General under specific conditions.

If records are maintained in an electronically readable format, they must be stored in a way that allows for ready access and conversion into writing. If records originally kept in manual form are later converted to electronic form, the original manual versions must also be preserved. Copies of records are admissible in legal proceedings to the same extent as the originals. This section also applies to any person, other than a taxable person, who acquires imported taxable services in the course of business. Failure to comply with any of these requirements is an offence and may result in a fine of up to RM50,000, imprisonment of up to three years, or both. However, these obligations do not apply to foreign registered persons.

Note that this requirement was available under the repealed Goods and Services Tax Act 2014.","https://www.investmalaysia.gov.my/media/rsoj31eh/service-tax-act-2018.pdf","","BGK Timeframe: Since January 2023 | BGK Note: The Goods and Services Tax Act 2014 was repealed in 2018 (https://web.archive.org/web/20240905220824/https://phl.hasil.gov.my/pdf/pdfam/Act_53_20190101.pdf)","7","1","Service tax records"
"Malaysia","Income Tax Act (Act 53) 1967","","December 2018","P7-I3","Section 82","","","","Section 82 imposes a legal duty on all businesses to maintain proper records and, where applicable, issue receipts. Every business must keep accurate and sufficient records for at least seven years from the end of the relevant income year to allow tax authorities to determine taxable income or losses. If gross takings exceed RM150,000 from goods or RM100,000 from services, the business must issue serially numbered printed receipts for each transaction and keep duplicates. Businesses that file late returns must also keep records for seven years from the filing date.

If a sales recording machine is used, the receipt requirement may be waived, but only if the machine records all transactions accurately. The Director General may set or waive requirements for recordkeeping and receipts and may also request audited financial statements under the Companies Act 2016 if existing records are inadequate. Entries must be made within 60 days of each transaction. Records kept electronically must be readable, accessible, and convertible to written form; if manual records are later digitized, the originals must be preserved.

Moreover, All records that relate to any business in Malaysia shall be kept and retained in Malaysia. This includes records of (a) books of account recording receipts and payments or income and expenditure; (b) invoices, vouchers, receipts and such other documents as in the opinion of the Director General are necessary to verify the entries in any books of account; and (c) any other records as may be specified by the Director General under subsection (3).","https://www.hasil.gov.my/media/znonhmuj/20231101-income-tax-act-1967-act-53.pdf; https://www.hasil.gov.my/en/legislation/act/","","BGK Timeframe: Since September 1967, last amended in December 2018","7","1","Income tax records"
"Malaysia","Personal Data Protection Act (Act 709) 2010","","2024","P7-I4","","","","","The Personal Data Protection (Amendment) Bill 2024 (Act A1727) amendments to the Personal Data Protection Act (Act 709) 2010 (PDPA) introduced new requirements, including the appointment of Data Protection Officers (DPOs) and the implementation of Data Protection Impact Assessments (DPIAs), marking significant changes compared to the original PDPA 2010. Section 12a (1) of the 2024 PDPA amendment mandates that a data controller must appoint one or more Data Protection Officers (DPOs). The DPO is accountable for ensuring compliance with the PDPA, which applies horizontally across all sectors. This is a significant change from the 2010 version, where no explicit requirement for a DPO was mandated.

The 2024 amendments also introduced a requirement for DPIAs in specific cases where data processing activities pose a high risk to the rights and freedoms of individuals. This is especially relevant for large-scale processing of sensitive personal data or new technologies. Similar to the DPO requirement, the DPIA requirement applies horizontally across all sectors when high-risk processing is involved. Another significant change from the 2010 PDPA, as organizations are now required to assess and mitigate risks through formal DPIA procedures.","https://mohre.um.edu.my/img/files/Personal%20Data%20Protection%20(PDPA)%20Act%202010.pdf","","BGK Timeframe: Since November 2013, last amended in 2024 | BGK Note: The introduction of a DPO brings Malaysia’s PDPA closer to international standards, such as the EU’s GDPR, which also mandates DPOs for certain types of organizations.

https://www.globalprivacywatch.com/2024/08/malaysian-parliament-passes-the-personal-data-protection-amendment-bill-2024/

https://www.dataprotectionreport.com/2024/07/malaysia-introduces-watershed-amendments-to-personal-data-protection-act-2010/","7","1","Horizontal"
"Malaysia","Personal Data Protection (Amendment) Bill (Act A1727) 2024","","","P7-I4","Section 12a","","","","The Personal Data Protection (Amendment) Bill 2024 (Act A1727) amendments to the Personal Data Protection Act (Act 709) 2010 (PDPA) introduced new requirements, including the appointment of Data Protection Officers (DPOs) and the implementation of Data Protection Impact Assessments (DPIAs), marking significant changes compared to the original PDPA 2010. Section 12a (1) of the 2024 PDPA amendment mandates that a data controller must appoint one or more Data Protection Officers (DPOs). The DPO is accountable for ensuring compliance with the PDPA, which applies horizontally across all sectors. This is a significant change from the 2010 version, where no explicit requirement for a DPO was mandated.

The 2024 amendments also introduced a requirement for DPIAs in specific cases where data processing activities pose a high risk to the rights and freedoms of individuals. This is especially relevant for large-scale processing of sensitive personal data or new technologies. Similar to the DPO requirement, the DPIA requirement applies horizontally across all sectors when high-risk processing is involved. Another significant change from the 2010 PDPA, as organizations are now required to assess and mitigate risks through formal DPIA procedures.","https://f.datasrvr.com/fr1/224/81715/DR_21_BI.pdf","","BGK Timeframe: Since July 2024 | BGK Note: The introduction of a DPO brings Malaysia’s PDPA closer to international standards, such as the EU’s GDPR, which also mandates DPOs for certain types of organizations.

https://www.globalprivacywatch.com/2024/08/malaysian-parliament-passes-the-personal-data-protection-amendment-bill-2024/

https://www.dataprotectionreport.com/2024/07/malaysia-introduces-watershed-amendments-to-personal-data-protection-act-2010/","7","1","Horizontal"
"Malaysia","Personal Data Protection Act (Act 709) 2010","","2024","P7-I5","Section 45(2)(a)(i); Section 121; Section 112; Section 113; Section 114","","","","From the Personal Data Protection (Amendment) Bill 2024 (Act A1727) amendments, there is no explicit provision that allows the government to access personal data without a court order.

The Personal Data Protection Act (Act 709) 2010 PDPA Section 45(2)(a)(i) exempts personal data from the consent requirement if it is processed for the prevention or detection of crime, or for the purposes of investigations. And Section 121 grants authorized officers the power to request the production of documents or data (including computerized data) to ensure compliance with the PDPA. An authorized officer shall have the powers of a police officer of whatever rank as provided for under the Criminal Procedure Code (Act 593)  in relation to investigation, and such powers shall be in addition to and not in derogation of, the powers provided for under this Act (Section 112 Power of investigation). A Magistrate may issue a warrant for an officer to search premises and seize evidence related to an offense, with or without assistance and by force if needed (Section 113 Search and seizure with warrant). However, where delay could harm the investigation, an officer may search without a warrant using the same powers (Section 114 Search and seizure without warrant).

These specific sectoral guidelines indicate that while court orders are generally required for accessing personal data, exceptions exist, particularly for criminal investigations and regulatory functions, where data can be accessed without consent or court intervention.","https://mohre.um.edu.my/img/files/Personal%20Data%20Protection%20(PDPA)%20Act%202010.pdf","","BGK Timeframe: Since November 2013, last amended in 2024 | BGK Note: I rated this 0 because these specific sectoral guidelines indicate that while court orders are generally required for accessing personal data, exceptions exist for law enforcement, particularly for criminal investigations and regulatory functions, where data can be accessed without consent or court intervention.

--> PDPA Section 114 and Cybersecurity Act Section 40 permit access without warrant in urgent case. So I include additional information in the impact column, and separate Cyberseucrity Act to record in another row, and assign the score to 1.00. (Although the warrant is permitted during the general case). I don't agree with using exceptions to making score as 1 (similar to other pillars above where exceptions lead to 1). If general procedures follow the law, then their framework is compliant with International administrative law standards - This interpretation (the use of exception) need to clarify how an urgent law enfrcement procedure (national security) impacts or must be overwritten by the interest of a normal foreign company operating in their jurisdiction.

There is no definition of what is considered 'urgent' or when the authority can act. Upon reviewing Section 46 of the Cybersecurity Act, it does not specify when an authorized officer can conduct a search to access computerized data. This lack of clarity creates uncertainty about when such access can occur.

In other cases, we do not score exceptions, such as in Pillar 4 on mandatory disclosure of trade secrets, because this is clearly allowed under WTO TRIPS exceptions. However, for indicators concerning data, there is still an absence of internationally agreed legal frameworks. So for this case, the score should be 1.00. The score of 1.00 is given when there's absence of a court warrant despite it is done during emergency, amorphous public policy objective, etc. (This is like pillar 9.1 when we score if the law authorizes authority to block/filter content on the ground of public policy objectives).

--> For Communications and Multimedia Act/ Banking and Financial Sector Guidelines - if they do not include such exception, agree for the score of 0.00. Also, pls separate each regulation to record under different row due to different coverage. Moved to row 75/76 OK thank you","7","0","Horizontal"
"Malaysia","Personal Data Protection (Amendment) Bill (Act A1727) 2024","","","P7-I5","","","","","From the Personal Data Protection (Amendment) Bill 2024 (Act A1727) amendments, there is no explicit provision that allows the government to access personal data without a court order.

The Personal Data Protection Act (Act 709) 2010 PDPA Section 45(2)(a)(i) exempts personal data from the consent requirement if it is processed for the prevention or detection of crime, or for the purposes of investigations. And Section 121 grants authorized officers the power to request the production of documents or data (including computerized data) to ensure compliance with the PDPA. An authorized officer shall have the powers of a police officer of whatever rank as provided for under the Criminal Procedure Code (Act 593)  in relation to investigation, and such powers shall be in addition to and not in derogation of, the powers provided for under this Act (Section 112 Power of investigation). A Magistrate may issue a warrant for an officer to search premises and seize evidence related to an offense, with or without assistance and by force if needed (Section 113 Search and seizure with warrant). However, where delay could harm the investigation, an officer may search without a warrant using the same powers (Section 114 Search and seizure without warrant).

These specific sectoral guidelines indicate that while court orders are generally required for accessing personal data, exceptions exist, particularly for criminal investigations and regulatory functions, where data can be accessed without consent or court intervention.","https://f.datasrvr.com/fr1/224/81715/DR_21_BI.pdf","","BGK Timeframe: Since July 2024 | BGK Note: I rated this 0 because these specific sectoral guidelines indicate that while court orders are generally required for accessing personal data, exceptions exist for law enforcement, particularly for criminal investigations and regulatory functions, where data can be accessed without consent or court intervention.

--> PDPA Section 114 and Cybersecurity Act Section 40 permit access without warrant in urgent case. So I include additional information in the impact column, and separate Cyberseucrity Act to record in another row, and assign the score to 1.00. (Although the warrant is permitted during the general case). I don't agree with using exceptions to making score as 1 (similar to other pillars above where exceptions lead to 1). If general procedures follow the law, then their framework is compliant with International administrative law standards - This interpretation (the use of exception) need to clarify how an urgent law enfrcement procedure (national security) impacts or must be overwritten by the interest of a normal foreign company operating in their jurisdiction.

There is no definition of what is considered 'urgent' or when the authority can act. Upon reviewing Section 46 of the Cybersecurity Act, it does not specify when an authorized officer can conduct a search to access computerized data. This lack of clarity creates uncertainty about when such access can occur.

In other cases, we do not score exceptions, such as in Pillar 4 on mandatory disclosure of trade secrets, because this is clearly allowed under WTO TRIPS exceptions. However, for indicators concerning data, there is still an absence of internationally agreed legal frameworks. So for this case, the score should be 1.00. The score of 1.00 is given when there's absence of a court warrant despite it is done during emergency, amorphous public policy objective, etc. (This is like pillar 9.1 when we score if the law authorizes authority to block/filter content on the ground of public policy objectives).

--> For Communications and Multimedia Act/ Banking and Financial Sector Guidelines - if they do not include such exception, agree for the score of 0.00. Also, pls separate each regulation to record under different row due to different coverage. Moved to row 75/76 OK thank you","7","0","Horizontal"
"Malaysia","Personal Data Protection Code of Practice for Licensees Under the Communications and Multimedia (Act 1998) of 2017","","","P7-I5","Section 7.4","","","","As part of the broader legal and regulatory framework, law enforcement agencies and investigative authorities can request access to personal data under certain circumstances, as outlined in related sector-specific guidelines and laws such as the Communications and Multimedia Act 1998 (Section 7.4) applies when personal data is processed for the apprehension or prosecution of offenders, or when required for the assessment or collection of any tax or duty.","https://www.pdp.gov.my/ppdpv1/en/akta/personal-data-protection-code-of-practice-for-the-communications-sector/","","BGK Timeframe: Since November 2017","7","1","Communications Sector"
"Malaysia","Personal Data Protection Code of Practice For Banking Sector And Financial Institutions 2017","","","P7-I5","Section 3.7.4","","","","The Banking and Financial Sector guidelines (Section 3.7.4) includes provisions for processing data for tax assessment or legal obligations, allowing such access without prior notice to the individual.","https://www.pdp.gov.my/ppdpv1/en/akta/personal-data-protection-code-of-practice-for-banking-sector-and-financial-institutions/","","BGK Timeframe: Since January 2017","7","1","Financial service"
"Malaysia","Cyber Security Act (Act 854) 2024","","","P7-I5","Section 46; Section 4; Section 38; Section 39; Section 40","","","","Section 46 of the Cyber Security Act (Act 854) 2024 concerning access to computerized data allows an authorized officer conducting a search under this Act to be given access to computerized data stored in computers or otherwise.The authorized officer means any policy officer of whatever rank or any public officer authorized by the Minister in writing (Section 4).

An authorized officer shall have the powers of a police officer of whatever rank as provided for under the Criminal Procedure Code (Act 593)  in relation to investigation, and such powers shall be in addition to and not in derogation of, the powers provided for under this Act (Section 38 Power of investigation). A Magistrate may issue a warrant for an officer to search premises and seize evidence related to an offense, with or without assistance and by force if needed (Section 39 Search and seizure with warrant). However, where delay could harm the investigation, an officer may search without a warrant using the same powers (Section 40 Search and seizure without warrant).","https://lokekinggoh.com/layout2/wp-content/uploads/2024/06/Act-854.pdf","","BGK Timeframe: Since June 2024","7","1","Horizontal"
"Malaysia","Security Offences (Special Measures) Act (Act 747) 2012","","June 2015","P7-I5","Section 6(3); Section 6(7)","","","","Under Section 6(3) of the Security Offenses (Special Measures) Act (Act 747) 2012 (Power to intercept communication), a police officer with the rank of superintendent of police or above may intercept communications without the authorization of the public prosecutor in urgent and sudden cases where immediate action is required leaving no moment of deliberation.

Specifically, “communication” means a communication received or transmitted by post or a telegraphic, telephonic or other communication received or transmitted by electricity, magnetism or other means; “communications service provider” means a person who provides services for the transmission or reception of communications (Section 6(7)).","https://cyrilla.org/api/files/1568729125117t97ha9lu92p.pdf","","BGK Timeframe: Since June 2012, last amended in June 2015","7","1","Horizontal"
"Malaysia","Criminal Procedure Code (Act 593) 2018","","March 2017","P7-I5","Section 116B; Section 116C","","","","The Criminal Procedure Code (Act 593) 2018 Section 116B (Access to computerized data) of the Criminal Procedure Code provides that a police officer conducting a search under the Code must be given access to computerised data whether stored in a computer or otherwise. For the purpose of this section, 'access' includes being provided with the necessary password, encryption code, decryption code, software, or hardware and any other means required to enable comprehension of the computerised data. It is not clear whether a court order is needed to access the information.

Additionally, Section 116C (Interception of communication) provides that the public prosecutor has the authority to authorize police officer to intercept, detain and open postal articles. This also includes intercept messages or conversations transmitted by any communication, and install devices on premises for intercepting communications. The Court shall take cognizance of any authorization by the Public Prosecutor under this section.","https://cyrilla.org/api/files/1568727997327dm3cpb84eaw.pdf","","BGK Timeframe: Since July 1936, last amended in March 2017 | BGK Note: https://www.dataguidance.com/notes/malaysia-third-country-assessment

https://clfr.globalnetworkinitiative.org/country/malaysia/","7","1","Horizontal"
"Singapore","Personal Data Protection Act 2012","","1 February 2021","P6-I1","","","","","Singapore does not implement ban on data transfer and local processing requirement.","https://sso.agc.gov.sg/Act/PDPA2012; https://www.pdpc.gov.sg/Overview-of-PDPA/The-Legislation/Personal-Data-Protection-Act; https://www.pdpc.gov.sg/overview-of-pdpa/the-legislation/personal-data-protection-act/data-protection-obligations; https://sso.agc.gov.sg/Acts-Supp/40-2020/","","BGK Timeframe: Since 2012 last amended on 1 February 2021","6","0","Horizontal"
"Singapore","Personal Data Protection (Amendment) Act 2020","","","P6-I1","","","","","Singapore does not implement ban on data transfer and local processing requirement.","https://sso.agc.gov.sg/Act/PDPA2012; https://www.pdpc.gov.sg/Overview-of-PDPA/The-Legislation/Personal-Data-Protection-Act; https://www.pdpc.gov.sg/overview-of-pdpa/the-legislation/personal-data-protection-act/data-protection-obligations; https://sso.agc.gov.sg/Acts-Supp/40-2020/","","BGK Timeframe: Since February 2021","6","0","Horizontal"
"Singapore","Companies Act 1967","","2021","P6-I2","Section 199; Section 4","","","","According to Section 199, every company must retain accounting for a period of 5 years from the end of the financial year in which the transactions or operations to which those records relate are completed. This data shall be kept at the registered office of the company or other places in Singapore specified by the director. This provision is to ensure that the company will have sufficient data to enable them to properly audited and true financial statements.

Specifically, accounting records under this Act refers to records in relation to a corporation, includes such working papers and other documents as are necessary to explain the methods and calculations by which accounts of the corporation are made up (Section 4).","https://sso.agc.gov.sg/Act/CoA1967","","BGK Timeframe: Since July 2014 last amended in 2021","6","0.5","Accounting records"
"Singapore","Personal Data Protection Act 2012","","1 February 2021","P6-I3","","","","","Singapore does not implement infrastructure requirement.","https://sso.agc.gov.sg/Act/PDPA2012","","BGK Timeframe: Since 2012 last amended on 1 February 2021","6","0","Horizontal"
"Singapore","Personal Data Protection (Amendment) Act 2020","","","P6-I3","","","","","Singapore does not implement infrastructure requirement.","https://sso.agc.gov.sg/Acts-Supp/40-2020/","","BGK Timeframe: Since February 2021","6","0","Horizontal"
"Singapore","Personal Data Protection Act 2012","","1 February 2021","P6-I4","Section 26","","","","According to Section 26, an organisation may only transfer personal data outside Singapore if it has taken appropriate steps to ensure that:
- it will comply with the Personal Data Protection Act (PDPA) obligations in respect of the transferred personal data while it remains in its possession or under its control; and
- the recipient outside of Singapore is bound by legally enforceable obligations to provide a standard of protection to the personal data transferred that is comparable to that under the PDPA.

In this regard, “legally enforceable obligations” would include obligations imposed on the recipient: (i) under law (e.g. the recipient’s relevant national data privacy legislation); (ii) under any contract: (a) requiring the recipient to provide a standard of protection to the personal data transferred that is at least comparable to the protection under the PDPA; and (b) specifying the countries and territories to which the personal data may be transferred under the contract; (iii) under binding corporate rules (see below); or (iv) any other legally binding instrument.

An organisation will be taken to have satisfied the second requirement if the individual consents to the transfer of the personal data to the recipient in that country.","https://sso.agc.gov.sg/Act/PDPA2012; https://www.pdpc.gov.sg/Overview-of-PDPA/The-Legislation/Personal-Data-Protection-Act; https://sso.agc.gov.sg/Acts-Supp/40-2020/","","BGK Timeframe: Since 2012 last amended on 1 February 2021 | BGK Note: ""Exemption may be granted subject to conditions specified by the PDPC and may be revoked at any time. An individual is not taken to have consented to the transfer of the individual’s personal data to a country or territory outside Singapore if the individual was not, before giving his or her consent, given a reasonable summary in writing of the extent to which the personal data to be transferred to that country or territory will be protected to a standard comparable to the protection under the Act. ""","6","1","Horizontal"
"Singapore","Personal Data Protection (Amendment) Act 2020","","","P6-I4","","","","","According to Section 26, an organisation may only transfer personal data outside Singapore if it has taken appropriate steps to ensure that:
- it will comply with the Personal Data Protection Act (PDPA) obligations in respect of the transferred personal data while it remains in its possession or under its control; and
- the recipient outside of Singapore is bound by legally enforceable obligations to provide a standard of protection to the personal data transferred that is comparable to that under the PDPA.

In this regard, “legally enforceable obligations” would include obligations imposed on the recipient: (i) under law (e.g. the recipient’s relevant national data privacy legislation); (ii) under any contract: (a) requiring the recipient to provide a standard of protection to the personal data transferred that is at least comparable to the protection under the PDPA; and (b) specifying the countries and territories to which the personal data may be transferred under the contract; (iii) under binding corporate rules (see below); or (iv) any other legally binding instrument.

An organisation will be taken to have satisfied the second requirement if the individual consents to the transfer of the personal data to the recipient in that country.","https://sso.agc.gov.sg/Act/PDPA2012; https://www.pdpc.gov.sg/Overview-of-PDPA/The-Legislation/Personal-Data-Protection-Act; https://sso.agc.gov.sg/Acts-Supp/40-2020/","","BGK Timeframe: Since February 2021 | BGK Note: ""Exemption may be granted subject to conditions specified by the PDPC and may be revoked at any time. An individual is not taken to have consented to the transfer of the individual’s personal data to a country or territory outside Singapore if the individual was not, before giving his or her consent, given a reasonable summary in writing of the extent to which the personal data to be transferred to that country or territory will be protected to a standard comparable to the protection under the Act. ""","6","1","Horizontal"
"Singapore","Personal Data Protection Act 2012","","1 February 2021","P7-I1","","","","","The Personal Data Protection Act 2012 (PDPA) provides a baseline standard of protection for personal data in Singapore. It complements sector-specific legislative and regulatory frameworks such as the Banking Act and Insurance Act, Healthcare Services Act, Telecommunications Act, etc. The PDPA comprises various requirements governing the collection, use, disclosure and care of personal data in Singapore. Personal Data Protection Commission (PDPC) administers and enforces the PDPA.

Moreover, the PDPA amendment in 2021 introduces a number of key reforms, including mandatory data breach notification requirements, amendments to the consent obligation, offences for egregious mishandling of personal data, prohibitions relating to the use of dictionary attacks and address-harvesting software, and the PDPC's power to accept voluntary undertakings as part of its enforcement regime.","https://sso.agc.gov.sg/Act/PDPA2012; https://www.pdpc.gov.sg/Overview-of-PDPA/The-Legislation/Personal-Data-Protection-Act; https://sso.agc.gov.sg/Acts-Supp/40-2020/","","BGK Timeframe: Since 2012 last amended on 1 February 2021 | BGK Note: ""The PDPA does not expressly include cookies in its definition of personal data. However, cookies can qualify as personal data if they fall within the broad definition of personal data, that is, if they identify an individual either by themselves or together with other information, which the organisation has or is likely to have access to. Likewise, digital fingerprinting and online behavioural advertising technologies will fall under the ambit of the PDPA insofar as they deal with personal data. The PDPC of Singapore has issued guidance that expressly discusses cookies as a way in which personal data is collected, used or disclosed. In essence, the Commission recognises that many internet activities today are dependent on the use of cookies and that unnecessarily restricting the use of cookies will impede the use of the internet. However, because cookies can potentially collect personal data, organisations must be mindful of using them for individuals' online activities. If cookies containing personal data arise from individuals who voluntarily provide it, their consent can be deemed to be provided for the purpose for which the personal data was provided. However, the obligation to obtain an individual's consent to collect personal data rests with the organisation that is collecting it, whether itself or through data intermediaries. Where an organisation operates a website that a third party uses to collect personal data, and the website operator itself is not collecting this personal data, the obligation is on the third party organisation to obtain the required consent.""

https://www.dataguidance.com/jurisdiction/singapore","7","0","Horizontal"
"Singapore","Personal Data Protection (Amendment) Act 2020","","","P7-I1","","","","","The Personal Data Protection Act 2012 (PDPA) provides a baseline standard of protection for personal data in Singapore. It complements sector-specific legislative and regulatory frameworks such as the Banking Act and Insurance Act, Healthcare Services Act, Telecommunications Act, etc. The PDPA comprises various requirements governing the collection, use, disclosure and care of personal data in Singapore. Personal Data Protection Commission (PDPC) administers and enforces the PDPA.

Moreover, the PDPA amendment in 2021 introduces a number of key reforms, including mandatory data breach notification requirements, amendments to the consent obligation, offences for egregious mishandling of personal data, prohibitions relating to the use of dictionary attacks and address-harvesting software, and the PDPC's power to accept voluntary undertakings as part of its enforcement regime.","https://sso.agc.gov.sg/Act/PDPA2012; https://www.pdpc.gov.sg/Overview-of-PDPA/The-Legislation/Personal-Data-Protection-Act; https://sso.agc.gov.sg/Acts-Supp/40-2020/","","BGK Timeframe: Since February 2021 | BGK Note: ""The PDPA does not expressly include cookies in its definition of personal data. However, cookies can qualify as personal data if they fall within the broad definition of personal data, that is, if they identify an individual either by themselves or together with other information, which the organisation has or is likely to have access to. Likewise, digital fingerprinting and online behavioural advertising technologies will fall under the ambit of the PDPA insofar as they deal with personal data. The PDPC of Singapore has issued guidance that expressly discusses cookies as a way in which personal data is collected, used or disclosed. In essence, the Commission recognises that many internet activities today are dependent on the use of cookies and that unnecessarily restricting the use of cookies will impede the use of the internet. However, because cookies can potentially collect personal data, organisations must be mindful of using them for individuals' online activities. If cookies containing personal data arise from individuals who voluntarily provide it, their consent can be deemed to be provided for the purpose for which the personal data was provided. However, the obligation to obtain an individual's consent to collect personal data rests with the organisation that is collecting it, whether itself or through data intermediaries. Where an organisation operates a website that a third party uses to collect personal data, and the website operator itself is not collecting this personal data, the obligation is on the third party organisation to obtain the required consent.""

https://www.dataguidance.com/jurisdiction/singapore","7","0","Horizontal"
"Singapore","Cybersecurity Act 2018","","","P7-I2","","","","","Cybersecurity Act 2018 establishes a legal framework for the oversight and maintenance of national cybersecurity in Singapore. The key objectives of the Cybersecurity Act are to: (i) strengthen the protection of Critical Information Infrastructure against cyber-attacks; (ii) authorize the government to prevent and respond to cybersecurity threats and incidents; (iii); establish a framework for sharing cybersecurity information, and (iv) establish a licensing framework for cybersecurity service providers. Amendments to the Act were made in May 2024 to update the Act so that it keeps pace with the developments in the cyber threat landscape, as well as our evolving technological operating context. The key amendments: (i) updated existing provisions relating to cybersecurity of Critical Information Infrastructure, and (ii) expanded CSA’s oversight to cover new classes of regulated entities.","https://sso.agc.gov.sg/Acts-Supp/9-2018/?ProvIds=Sc2-#Sc2-","","BGK Timeframe: Since 2018 | BGK Note: ‘Cybersecurity Act 2018 mandates the identification and designation of CIIs—computer systems essential for delivering vital services. Owners of CIIs are required to implement robust cybersecurity measures and comply with codes of practice to prevent and respond to cyber threats. CII owners must promptly report cybersecurity incidents to the Commissioner of Cybersecurity. The Act grants the Commissioner authority to investigate and manage such incidents to mitigate potential impacts. Cybersecurity Act 2018 introduces a licensing framework for providers of specific cybersecurity services, ensuring that these services meet established standards and are delivered by qualified professionals. It also formalizes the CSA's role as the national authority overseeing cybersecurity, responsible for implementing policies, coordinating responses to cyber incidents, and promoting cybersecurity awareness.’ This write-up has been re-written by Singapore feedback.","7","0","Horizontal"
"Singapore","Personal Data Protection Act 2012","","1 February 2021","P7-I3","Section 25","","","","Section 25 of the PDPA requires an organisation to cease retaining its documents containing personal data, or remove the means by which the personal data can be associated with particular individuals, as soon as it is reasonable to assume that the purpose for which that personal data was collected is no longer being served by retention of the personal data, and retention is no longer necessary for legal or business purposes. This obligation to cease the retention of personal data is referred to in these Guidelines as the Retention Limitation Obligation.","https://sso.agc.gov.sg/Act/PDPA2012; https://www.pdpc.gov.sg/Overview-of-PDPA/The-Legislation/Personal-Data-Protection-Act; https://www.pdpc.gov.sg/overview-of-pdpa/the-legislation/personal-data-protection-act/data-protection-obligations; https://www.pdpc.gov.sg/-/media/Files/PDPC/PDF-Files/Advisory-Guidelines/the-retention-limitation-obligation---ch-18-(270717).pdf; https://sso.agc.gov.sg/Acts-Supp/40-2020/","","BGK Timeframe: Since 2012 last amended on 1 February 2021 | BGK Note: In practice, the retention period for personal data under the PDPA will depend on the following factors: a) The purpose(s) for which the personal data was collected. That is: i. personal data may be retained so long as one or more of the purposes for which it was collected remains valid; and ii. personal data must not be kept by an organisation “just in case” it may be needed for other purposes that have not been notified to the individual concerned. b) Other legal or business purposes for which retention of the personal data by the organisation is necessary. For example, this may include situations where: i. the personal data is required for an ongoing legal action involving the organisation; ii. retention of the personal data is necessary in order to comply with the organisation’s obligations under other applicable laws, regulations, international/regional/bilateral standards which require the retention of personal data; or iii. the personal data is required for an organisation to carry out its business operations, such as to generate annual reports, or performance forecasts.
An organisation should review the personal data it holds on a regular basis to determine if that personal data is still needed. An organisation which holds a large quantity of different types of personal data may have to implement varying retention periods for each type of personal data as appropriate.","7","0","Horizontal"
"Singapore","Personal Data Protection (Amendment) Act 2020","","","P7-I3","","","","","Section 25 of the PDPA requires an organisation to cease retaining its documents containing personal data, or remove the means by which the personal data can be associated with particular individuals, as soon as it is reasonable to assume that the purpose for which that personal data was collected is no longer being served by retention of the personal data, and retention is no longer necessary for legal or business purposes. This obligation to cease the retention of personal data is referred to in these Guidelines as the Retention Limitation Obligation.","https://sso.agc.gov.sg/Act/PDPA2012; https://www.pdpc.gov.sg/Overview-of-PDPA/The-Legislation/Personal-Data-Protection-Act; https://www.pdpc.gov.sg/overview-of-pdpa/the-legislation/personal-data-protection-act/data-protection-obligations; https://www.pdpc.gov.sg/-/media/Files/PDPC/PDF-Files/Advisory-Guidelines/the-retention-limitation-obligation---ch-18-(270717).pdf; https://sso.agc.gov.sg/Acts-Supp/40-2020/","","BGK Timeframe: Since February 2021 | BGK Note: In practice, the retention period for personal data under the PDPA will depend on the following factors: a) The purpose(s) for which the personal data was collected. That is: i. personal data may be retained so long as one or more of the purposes for which it was collected remains valid; and ii. personal data must not be kept by an organisation “just in case” it may be needed for other purposes that have not been notified to the individual concerned. b) Other legal or business purposes for which retention of the personal data by the organisation is necessary. For example, this may include situations where: i. the personal data is required for an ongoing legal action involving the organisation; ii. retention of the personal data is necessary in order to comply with the organisation’s obligations under other applicable laws, regulations, international/regional/bilateral standards which require the retention of personal data; or iii. the personal data is required for an organisation to carry out its business operations, such as to generate annual reports, or performance forecasts.
An organisation should review the personal data it holds on a regular basis to determine if that personal data is still needed. An organisation which holds a large quantity of different types of personal data may have to implement varying retention periods for each type of personal data as appropriate.","7","0","Horizontal"
"Singapore","Telecommunications Act 1999","","December 2021","P7-I3","","","","","The telecom licensee shall maintain the following data records for 12 calendar months, which shall be made available for inspection by authorised Singapore government agencies: assigned source IP address and date and time stamps; and assigned user ID/user name (e.g., subscriber records).","https://sso.agc.gov.sg/Act/TA1999#pr3-","","BGK Timeframe: Since December 1999 last amened in December 2021 | BGK Note: While the PDPA does not prescribe any specific data retention periods, Section 25 of the PDPA provides that an organisation must cease to retain documents containing personal data, or remove the means by which the personal data can be associated with particular individuals when it is no longer needed for any business or legal purpose.","7","1","Horizontal"
"Singapore","Licence to Provide Facilities-based Operations Granted by the Info-Communications Media Development Authority to Singapore Telecommunications Limited under Section 5 of the Telecommunications Act (Chapter 323)","","","P7-I3","","","","","The telecom licensee shall maintain the following data records for 12 calendar months, which shall be made available for inspection by authorised Singapore government agencies: assigned source IP address and date and time stamps; and assigned user ID/user name (e.g., subscriber records).","https://www.imda.gov.sg/regulations-and-licences/licensing/list-of-telecommunication-and-postal-service-licensees/-/media/Imda/Files/Regulation-Licensing-and-Consultations/Licensing/Licensees/FBO/SingTelLtd.pdf","","BGK Timeframe: Since April 1992 | BGK Note: While the PDPA does not prescribe any specific data retention periods, Section 25 of the PDPA provides that an organisation must cease to retain documents containing personal data, or remove the means by which the personal data can be associated with particular individuals when it is no longer needed for any business or legal purpose.","7","1","Horizontal"
"Singapore","Specific Terms and Conditions for IP Telephony Services","","","P7-I3","","","","","The telecom licensee shall maintain the following data records for 12 calendar months, which shall be made available for inspection by authorised Singapore government agencies: assigned source IP address and date and time stamps; and assigned user ID/user name (e.g., subscriber records).","https://www.imda.gov.sg/~/media/imda/files/inner/pcdg/consultations/20040921_propoiptelephony/tcsforiptelephony240605.pdf","","BGK Timeframe: Last reviewed in September 2024 | BGK Note: While the PDPA does not prescribe any specific data retention periods, Section 25 of the PDPA provides that an organisation must cease to retain documents containing personal data, or remove the means by which the personal data can be associated with particular individuals when it is no longer needed for any business or legal purpose.","7","1","Horizontal"
"Singapore","Companies Act 1967","","2021","P7-I3","Section 199; Section 4","","","","According to Section 199, every company must retain accounting for a period of 5 years from the end of the financial year in which the transactions or operations to which those records relate are completed. This data shall be kept at the registered office of the company or other places in Singapore specified by the director. This provision is to ensure that the company will have sufficient data to enable them to properly audited and true financial statements.

Specifically, accounting records under this Act refers to records in relation to a corporation, includes such working papers and other documents as are necessary to explain the methods and calculations by which accounts of the corporation are made up (Section 4).","https://sso.agc.gov.sg/Act/CoA1967","","BGK Timeframe: Since July 2014 last amended in 2021","7","1","Accounting records"
"Singapore","Income Tax Act 1947","","October 2023","P7-I3","Section 67","","","","Section 67: Businesses are required to keep records and accounts for a period of 5 years from the Year of Assessment to which any income relates.","https://sso.agc.gov.sg/Act/ITA1947","","BGK Timeframe: Since 1948, last amended in October 2023","7","1","Income records"
"Singapore","Employment Act 1968","","April 2019","P7-I3","Section 95","","","","Section 95: (For current employees) Employers must keep detailed employment records for latest two years. (For ex-employees) Records must be kept for one year after the employee leaves employment.","https://sso.agc.gov.sg/Act/EmA1968","","BGK Timeframe: Since 1968, last amended in April 2019","7","1","Employment records"
"Singapore","Personal Data Protection Act 2012","","1 February 2021","P7-I4","Section 11(3)","","","","Under Section 11(3), each organisation is required to appoint one or more data protection officers to be responsible to ensure the organisation’s compliance with the Personal Data Protection Act. Moreover, data protection impact assessment (“DPIA”) guides has been implemented.

Organisations are also advised to conduct data protection impact assessments before releasing products or services that are likely to be accessed by children in order to meet their Accountability Obligation under the PDPA.","https://sso.agc.gov.sg/Act/PDPA2012","","BGK Timeframe: Since July 2012 last amended on 1 February 2021","7","1","Horizontal"
"Singapore","Guide to Data Protection Impact Assessments","","September 2021","P7-I4","","","","","Under Section 11(3), each organisation is required to appoint one or more data protection officers to be responsible to ensure the organisation’s compliance with the Personal Data Protection Act. Moreover, data protection impact assessment (“DPIA”) guides has been implemented.

Organisations are also advised to conduct data protection impact assessments before releasing products or services that are likely to be accessed by children in order to meet their Accountability Obligation under the PDPA.","https://www.pdpc.gov.sg/-/media/Files/PDPC/PDF-Files/Other-Guides/DPIA/Guide-to-Data-Protection-Impact-Assessments-14-Sep-2021.pdf","","BGK Timeframe: November 2017 last amended September 2021","7","1","Horizontal"
"Singapore","Advisory Guidelines on The PDPA for Children's Personal Data in The Digital Environment","","","P7-I4","","","","","Under Section 11(3), each organisation is required to appoint one or more data protection officers to be responsible to ensure the organisation’s compliance with the Personal Data Protection Act. Moreover, data protection impact assessment (“DPIA”) guides has been implemented.

Organisations are also advised to conduct data protection impact assessments before releasing products or services that are likely to be accessed by children in order to meet their Accountability Obligation under the PDPA.","https://www.pdpc.gov.sg/-/media/files/pdpc/pdf-files/advisory-guidelines/advisory-guidelines-on-the-pdpa-for-children","","BGK Timeframe: Since 28 March 2024","7","1","Horizontal"
"Singapore","Criminal Procedure Code 2010","","2024","P7-I5","Section 39; Section 40; Section 20","","","","Under the Criminal Procedure Code, (section 39 and 40) police officers have the power to access computers and the power to access decrypted information. Moreover, (section 20) empowers the police to order the ""production of any document or other thing"" for the purposes of criminal investigations. Any person who obstructs the lawful exercise by a police officer or an authorised person shall be guilty of an offence and shall be liable on conviction to a fine not exceeding $10,000 or to imprisonment for a term not exceeding 3 years or to both.","https://sso.agc.gov.sg/Act/CPC2010","","BGK Timeframe: Since January 2011 last amended in2024 | BGK Note: https://tmt.bakermckenzie.com/-/media/minisites/tmt/files/2017_surveillance_law.pdf

https://www.gp-digital.org/world-map-of-encryption/","7","1","Horizontal"
"China","Interim Measures for the Administration of Online Ride-Hailing Services《网络预约出租汽车经营服务管理暂行办法》","","2022","P6-I1","Article 27","","","","Article 27: Ride-hailing platform companies shall comply with relevant national regulations on network and information security. The personal information collected and business data generated shall be stored and used within mainland China, with a retention period of no less than two years. Unless otherwise stipulated by laws and regulations, the aforementioned information and data shall not be transferred abroad.","https://www.gov.cn/zhengce/2022-12/06/content_5730384.htm","","BGK Timeframe: Since July 2016, last amended 2022 | BGK Note: DiDi Global Inc., a Chinese ride-hailing company, was subjected to administrative publishment of US$1.2 billion fine due to violation against the PLPL, DSL, and CSL. The Cyberspace Administration of China (CAC) stated that Didi has committed to 16 violations in 8 main aspects, such as illegally collect and analyze its users and drivers’ data (Webster G., 2022).

Webster G. (2022). Translation: Chinese Authorities Announce $1.2 Fine in DiDi Case, Describe ‘Despicable’ Data Abuses. Sandford University. Available at https://digichina.stanford.edu/work/translation-chinese-authorities-announce-2b-fine-in-didi-case-describe-despicable-data-abuses/.","6","0.5","Ride-hailing platform"
"China","Interim Measures for the Administration of the Business Activities of Online Lending Information Intermediaries《网络借贷信息中介机构业务活动管理暂行办法》","","","P6-I1","Article 27","","","","Article 27 states that for online lending information intermediaries shall strengthen the management of information related to lenders and borrowers, and ensure the legality and security of the collection, processing, and use of such information.

The storage, processing, and analysis of information on lenders and borrowers collected within China shall be conducted within the territory of China. Except as otherwise provided by laws and regulations, online lending information intermediaries shall not provide information of domestic lenders and borrowers to parties outside of China.","https://www.gov.cn/gongbao/content/2017/content_5181095.htm","","BGK Timeframe: Since August 2016","6","0.5","Online lending information intermediaries"
"China","Regulations on the Administration of Credit Reporting Industry《征信业管理条例》","","","P6-I1","Article 24","","","","Article 24: The collation, storage, and processing of information collected by credit reporting agencies within the territory of China shall be conducted within China.","https://flk.npc.gov.cn/detail2.html?ZmY4MDgwODE2ZjNjYmIzYzAxNmY0MTE5NzEzMjE3MGY","","BGK Timeframe: Since March 2013","6","0.5","Credit reporting agencies"
"China","Administrative Measures for Population Health Information (For Trial Implementation) 《人口健康信息的管理措施（试行）》","","","P6-I2","Article 10","","","","Article 10: Responsible entities shall update and maintain population health information in a timely manner according to service and management needs, ensuring that the information remains current, continuous, and effective.

Population health information shall not be stored on servers located abroad, nor shall it be hosted or leased on overseas servers.","https://www.cac.gov.cn/2014-08/20/c_1112064075.htm","","BGK Timeframe: Since May 2014","6","0.5","Health sector"
"China","Map Management Regulations 《地图管理条例》","","","P6-I2","Article 34","","","","Article 34: Internet map service providers shall store map data on servers located within the territory of the People's Republic of China and establish an internet map data security management system along with protective measures.","https://flk.npc.gov.cn/detail2.html?ZmY4MDgwODE2ZjNjYmIzYzAxNmY0MTJkNjc1MjFiNjY","","BGK Timeframe: Since January 2016","6","0.5","Maps services"
"China","Data Protection Measure for Industrial and Telecom Companies 《工业和信息化领域数据安全管理办法（试行）》","","","P6-I2","Article 3; Article 21","","","","According to Article 3 of the Measures, Industrial data refers to data generated and collected during research and development, design, production, manufacturing, business management, operation and maintenance, and platform operation across various industries and fields within the industrial sector. Telecommunications data refers to data generated and collected during telecommunications business operations. Radio data refers to data generated and collected during radio business activities, including radio frequency data, station parameters, and other radio wave parameters.

Furthermore, Chapter 2 classifies data into ""general"", ""important"" and ""core"", and require firms to take different degrees of protection measures when collecting, processing, transferring, and disposing of data.

In particular, Article 21 states that data processors in the industrial and information technology sector that collect and generate important data and core data within the territory of the People's Republic of China shall store such data domestically if required by laws and administrative regulations. If it is necessary to provide the data abroad, a data export security assessment shall be conducted in accordance with laws and regulations.","https://www.gov.cn/zhengce/zhengceku/2022-12/14/content_5731918.htm","","BGK Timeframe: Since December 2022","6","0.5","Industrial and telecommunication services"
"China","Personal Information Protection Law of the People's Republic of China《中华人民共和国个人信息保护法》","","","P6-I2","Article 36; Article 40; Article 37","","","","Under the Personal Information Protection Law (PIPL):

Article 36: Personal information processed by state agencies shall be stored within the territory of the People's Republic of China. If it is necessary to provide such information abroad, a security assessment shall be conducted. The security assessment may require support and assistance from relevant departments.

Article 40: Operators of critical information infrastructure and personal information processors that handle personal information in quantities specified by the national cybersecurity authority shall store the personal information collected and generated within the territory of the People's Republic of China. If it is necessary to provide such information abroad, a security assessment organized by the national cybersecurity authority must be conducted. If laws, administrative regulations, or provisions of the national cybersecurity authority exempt such security assessments, those provisions shall prevail.

Similarly, Article 37 of the Cybersecurity Law states exactly the same with Article 40 of the PIPL.","https://www.gov.cn/xinwen/2021-08/20/content_5632486.htm","","BGK Timeframe: Since November 2021","6","1","Horizontal"
"China","Cybersecurity Law of the People's Republic of China《中华人民共和国网络安全法》","","","P6-I2","","","","","Under the Personal Information Protection Law (PIPL):

Article 36: Personal information processed by state agencies shall be stored within the territory of the People's Republic of China. If it is necessary to provide such information abroad, a security assessment shall be conducted. The security assessment may require support and assistance from relevant departments.

Article 40: Operators of critical information infrastructure and personal information processors that handle personal information in quantities specified by the national cybersecurity authority shall store the personal information collected and generated within the territory of the People's Republic of China. If it is necessary to provide such information abroad, a security assessment organized by the national cybersecurity authority must be conducted. If laws, administrative regulations, or provisions of the national cybersecurity authority exempt such security assessments, those provisions shall prevail.

Similarly, Article 37 of the Cybersecurity Law states exactly the same with Article 40 of the PIPL.","https://www.cac.gov.cn/2016-11/07/c_1119867116.htm","","BGK Timeframe: Since June 2017","6","1","Horizontal"
"China","Interim Measures for the Administration of Online Ride-Hailing Services《网络预约出租汽车经营服务管理暂行办法》","","November 2022","P6-I2","Article 27","","","","Article 27 states that online ride-hailing platform companies must comply with national regulations on cybersecurity and information security. The personal information collected and business data generated shall be stored and used within mainland China, with a retention period of no less than two years. Unless otherwise stipulated by laws and regulations, such information and data shall not be transferred abroad.","https://www.gov.cn/zhengce/2022-12/06/content_5730384.htm","","BGK Timeframe: Since July 2016, last amended in November 2022","6","0.5","Ride-hailing platform"
"China","Interim Measures for the Administration of Online Ride-Hailing Services《网络预约出租汽车经营服务管理暂行办法》","","November 2022","P6-I3","Article 5","","","","Article 5 states that applicants seeking to engage in online ride-hailing operations must possess both online and offline service capabilities, have their servers located in mainland China, and implement network security management systems and security protection measures in compliance with regulations.","https://www.gov.cn/zhengce/2022-12/06/content_5730384.htm","","BGK Timeframe: Since July 2016, last amended in November 2022","6","1","Ride-hailing platform"
"China","Map Management Regulations 《地图管理条例》","","","P6-I3","Article 34","","","","Article 34: Internet map service providers shall store map data on servers located within the territory of the People's Republic of China and establish an internet map data security management system along with protective measures.","https://flk.npc.gov.cn/detail2.html?ZmY4MDgwODE2ZjNjYmIzYzAxNmY0MTJkNjc1MjFiNjY","","BGK Timeframe: Since January 2016","6","1","Maps services"
"China","Administrative Regulations for Online Publishing Services《网络出版服务管理规定》","","","P6-I3","Article 7; Article 8","","","","Article 7: Engaging in online publishing services requires approval from the publishing administrative authority in accordance with the law and obtaining an Online Publishing Service License.

Article 8: Publishing entities such as book, audiovisual, electronic, newspaper, and periodical publishers engaging in online publishing services must meet the following conditions:

1. Possess a designated publishing platform for online publishing activities, such as a website domain or an intelligent terminal application;
2. Have a clearly defined scope of online publishing services;
3. Have the necessary technical equipment required for online publishing services, with relevant servers and storage devices located within the territory of the People's Republic of China.","https://www.gov.cn/zhengce/2022-11/09/content_5724634.htm","","BGK Timeframe: Since March 2016","6","1","Online Publishing Services"
"China","Personal Information Protection Law of the People's Republic of China《中华人民共和国个人信息保护法》","","","P6-I4","Article 38; Article 40; Article 39","","","","Chapter 3 of the Law stipulates Rules for Cross-Border Provision of Personal Information.

Specifically, Article 38 states that if a personal information processor needs to provide personal information outside the People's Republic of China due to business or other needs, it must meet one of the following conditions:

1. Passing a security assessment organized by the national cybersecurity authority in accordance with Article 40 of this law;
2. Undergoing personal information protection certification by a professional institution in accordance with the regulations of the national cybersecurity authority;
3. Entering into a contract with the overseas recipient based on the standard contract formulated by the national cybersecurity authority, stipulating the rights and obligations of both parties;
4. Meeting other conditions stipulated by laws, administrative regulations, or the national cybersecurity authority.

If an international treaty or agreement concluded or participated in by the People's Republic of China provides conditions for the cross-border provision of personal information, such provisions may be followed.

Furthermore, Article 39 states that when a personal information processor provides personal information outside the People's Republic of China, they shall inform the individual of the name or identity of the overseas recipient, their contact information, the purpose and method of processing, the types of personal information involved, and the means and procedures for the individual to exercise their rights under this law with the overseas recipient. The processor must also obtain the individual's separate consent.","https://www.samr.gov.cn/wljys/gzzd/art/2023/art_3ef1e889c1e644d4b65b5f5c7f432386.html","","BGK Timeframe: Since November 2021 | BGK Note: The Cyberspace Administration of China ('CAC') issued the Measures on Security Assessment on Cross-border Data Transfer (only available Chinese here), which entered into effect on September 1, 2022, and provides a six-month grace period to the relevant personal information processors. If a cross-border data transfer satisfies any of the circumstances as prescribed in these measures, personal information handlers shall, through the local CAC at the provincial level, apply for mandatory security assessment for the relevant transfer.","6","1","Horizontal"
"China","Provisions on Promoting and Regulating Cross-border Data Flow《促进和规范数据跨境流动规定》","","","P6-I4","Article 2; Article 3; Article 4; Article 5","","","","The Provisions clarify the applicable standards for data processors in cross-border data transfers, including security assessment, standard contract for outbound transfer of personal data, and personal information protection certification. Critical information infrastructure operators (CIIOs) shall undergo a security assessment when transferring personal information or important data outside China.  Other entities also need to conduct a security assessment when transferring important data or a large volume of personal information, with specific thresholds set at personal information (without sensitive personal information) of more than 1 million individuals or sensitive personal information of more than 10,000 individuals accumulated from January 1 of the current year.

Furthermore, the Provisions includes specific scenario exemptions:

Article 2: Data processors shall identify and report important data in accordance with relevant regulations. If the relevant authorities or regions have not notified or publicly designated the data as important data, data processors are not required to declare it as important data for a data export security assessment.

Article 3: Data generated from international activities (e.g., trade, transportation, academic cooperation, manufacturing, marketing) that does not include personal or important data is exempt from cross-border data security assessments and compliance requirements.

Article 4: Personal information collected abroad and processed in China before being transferred overseas, as long as no domestic personal or important data is involved, is exempt from cross-border data security assessments and compliance requirements.

Article 5: Certain cross-border personal information transfers are exempt from security assessments and compliance requirements, including (1) fulfilling contracts (e.g., cross-border shopping, visa processing), (2) managing international human resources, (3) handling emergencies, and (4) transferring personal data abroad under a 100,000-person threshold (excluding sensitive data). Personal information provided abroad must not include important data.","https://www.gov.cn/gongbao/2024/issue_11366/202405/content_6954192.html","","BGK Timeframe: Since March 2024","6","1","Horizontal"
"China","Personal Financial Information Protection Technical Specification《个人金融信息保护技术规范》","","","P6-I4","Article 7.1.3","","","","Article 7.1.3, part (d) of the Techinical Specification states that in the process of providing financial products or services within the territory of the People's Republic of China, personal financial information collected and generated shall be stored, processed, and analyzed within the country. If it is necessary to provide personal financial information to overseas institutions (including headquarters, parent companies, branches, subsidiaries, and other affiliated institutions essential for completing the business) due to business requirements, the specific requirements are as follows:

- It must comply with national laws and regulations as well as relevant provisions of the competent industry authorities;
- Explicit consent must be obtained from the subject of the personal financial information;
- A security assessment for the cross-border transfer of personal financial information must be conducted in accordance with the measures and standards established by relevant national and industry authorities to ensure that the data security protection capabilities of overseas institutions meet the security requirements of relevant national and industry authorities as well as financial institutions;
- Agreements must be signed with overseas institutions, and on-site inspections shall be conducted to clarify and supervise the overseas institutions in effectively fulfilling their obligations, such as maintaining the confidentiality of personal financial information, data deletion, and case investigation cooperation.","http://www.pbc.gov.cn/zhengwugongkai/4081330/4406346/4693549/4085091/2020030414554980731.pdf","","BGK Timeframe: Since February 2020","6","0.5","Financial sector"
"China","Personal Information Protection Law of the People's Republic of China《中华人民共和国个人信息保护法》","","","P7-I1","","","","","The Personal Information Protection Law (PIPL) is applicable to any organization and individual who processes personal information in China. For companies outside China, the PIPL is also applicable if they provide services or products to people in China or analyze and evaluate the activities of people in China. The PIPL sets out the conditions for transfer of personal information out of China, protection of sensitive personal information, classification and retention of personal information and other compliance requirements.","https://www.samr.gov.cn/wljys/gzzd/art/2023/art_3ef1e889c1e644d4b65b5f5c7f432386.html","","BGK Timeframe: Since November 2021","7","0","Horizontal"
"China","Data Security Law of the People's Republic of China《中华人民共和国数据安全法》","","","P7-I1","","","","","On June 10, 2021, the Data Security Law of the People’s Republic of China was officially passed during the 29th session of the Standing Committee of the 13th National People’s Congress. Aiming to further strengthen the current protection regime for the country’s fast-growing digital economy, the law stipulates how data is used, collected, developed, and protected in China. It emphasizes on top-down coordination of data security implementation among local governments and differentiated fines based on severity of violations.","https://www.gov.cn/xinwen/2021-06/11/content_5616919.htm","","BGK Timeframe: Since September 2021","7","0","Horizontal"
"China","Management Standards for the Entry and Removal of Digital Educational Resources on the National Smart Education Platform 《国家智慧教育平台数字教育资源入库出库管理规范》","","","P7-I1","","","","","In addition to comprehensive legislation that applies horizontally across all sectors, China has also developed and implemented a wide range of sector-specific regulations related to data protection, offering detailed guidance tailored to different industries. For example, in just the first half of 2024 alone, the Chinese government issued over 20 national laws, industry regulations, and local policies concerning data security. A selection of these is listed below.

Education sector:
The General Office of the Ministry of Education Issued the “Management Standards for the Entry and Removal of Digital Educational Resources on the National Smart Education Platform”. According to the Standards, platform service providers must comply with relevant laws, regulations, and national standards, and adopt technical and other necessary measures to ensure the security of the platform and its resources, as well as retain network logs in accordance with the law.

Healthcare sector:
The National Health Commission, the National Administration of Traditional Chinese Medicine, and the National Disease Control and Prevention Administration jointly issued the ""Notice on Further Advancing the Electronic Information Management of Physicians"". The Notice calls on local authorities to implement a data security accountability system, strengthen data security monitoring and early warning mechanisms, regularly conduct security assessments and risk evaluations, and establish disaster recovery and data backup systems to ensure the security of information within electronic registration systems.

Finance sector:
The Ministry of Finance and the Cyberspace Administration of China jointly issued the ""Interim Measures for Data Security Management of Accounting Firms"". The Measures require accounting firms to classify and categorize data in accordance with relevant laws, regulations, and the data classification standards applicable to the industry of the audited entity. Firms must identify core data, important data, and general data, and comply with specific requirements regarding the storage, transmission, and logging of core and important data.

Energy sector:
The Ministry of Ecology and Environment, together with 14 other departments, jointly issued the ""Implementation Plan for Establishing a Carbon Footprint Management System"". The Plan calls for strengthening the protection of data security and intellectual property related to product carbon footprints. It emphasizes the implementation of data security laws and regulations, enhanced oversight of data circulation, and the creation of a secure and reliable environment for data exchange. The Plan also encourages digital technology enterprises to provide cloud-based security services to improve overall data security standards.","https://www.gov.cn/zhengce/zhengceku/202407/content_6961951.htm","","BGK Timeframe: Since May 2024","7","0","Selected sectors"
"China","Notice on Further Advancing the Electronic Information Management of Physicians 《关于进一步推进医师电子化信息管理工作的通知》","","","P7-I1","","","","","In addition to comprehensive legislation that applies horizontally across all sectors, China has also developed and implemented a wide range of sector-specific regulations related to data protection, offering detailed guidance tailored to different industries. For example, in just the first half of 2024 alone, the Chinese government issued over 20 national laws, industry regulations, and local policies concerning data security. A selection of these is listed below.

Education sector:
The General Office of the Ministry of Education Issued the “Management Standards for the Entry and Removal of Digital Educational Resources on the National Smart Education Platform”. According to the Standards, platform service providers must comply with relevant laws, regulations, and national standards, and adopt technical and other necessary measures to ensure the security of the platform and its resources, as well as retain network logs in accordance with the law.

Healthcare sector:
The National Health Commission, the National Administration of Traditional Chinese Medicine, and the National Disease Control and Prevention Administration jointly issued the ""Notice on Further Advancing the Electronic Information Management of Physicians"". The Notice calls on local authorities to implement a data security accountability system, strengthen data security monitoring and early warning mechanisms, regularly conduct security assessments and risk evaluations, and establish disaster recovery and data backup systems to ensure the security of information within electronic registration systems.

Finance sector:
The Ministry of Finance and the Cyberspace Administration of China jointly issued the ""Interim Measures for Data Security Management of Accounting Firms"". The Measures require accounting firms to classify and categorize data in accordance with relevant laws, regulations, and the data classification standards applicable to the industry of the audited entity. Firms must identify core data, important data, and general data, and comply with specific requirements regarding the storage, transmission, and logging of core and important data.

Energy sector:
The Ministry of Ecology and Environment, together with 14 other departments, jointly issued the ""Implementation Plan for Establishing a Carbon Footprint Management System"". The Plan calls for strengthening the protection of data security and intellectual property related to product carbon footprints. It emphasizes the implementation of data security laws and regulations, enhanced oversight of data circulation, and the creation of a secure and reliable environment for data exchange. The Plan also encourages digital technology enterprises to provide cloud-based security services to improve overall data security standards.","https://www.gov.cn/zhengce/zhengceku/202403/content_6940719.htm","","BGK Timeframe: Since March 2024","7","0","Selected sectors"
"China","Interim Measures for Data Security Management of Accounting Firms 《会计师事务所数据安全管理暂行办法》","","","P7-I1","","","","","In addition to comprehensive legislation that applies horizontally across all sectors, China has also developed and implemented a wide range of sector-specific regulations related to data protection, offering detailed guidance tailored to different industries. For example, in just the first half of 2024 alone, the Chinese government issued over 20 national laws, industry regulations, and local policies concerning data security. A selection of these is listed below.

Education sector:
The General Office of the Ministry of Education Issued the “Management Standards for the Entry and Removal of Digital Educational Resources on the National Smart Education Platform”. According to the Standards, platform service providers must comply with relevant laws, regulations, and national standards, and adopt technical and other necessary measures to ensure the security of the platform and its resources, as well as retain network logs in accordance with the law.

Healthcare sector:
The National Health Commission, the National Administration of Traditional Chinese Medicine, and the National Disease Control and Prevention Administration jointly issued the ""Notice on Further Advancing the Electronic Information Management of Physicians"". The Notice calls on local authorities to implement a data security accountability system, strengthen data security monitoring and early warning mechanisms, regularly conduct security assessments and risk evaluations, and establish disaster recovery and data backup systems to ensure the security of information within electronic registration systems.

Finance sector:
The Ministry of Finance and the Cyberspace Administration of China jointly issued the ""Interim Measures for Data Security Management of Accounting Firms"". The Measures require accounting firms to classify and categorize data in accordance with relevant laws, regulations, and the data classification standards applicable to the industry of the audited entity. Firms must identify core data, important data, and general data, and comply with specific requirements regarding the storage, transmission, and logging of core and important data.

Energy sector:
The Ministry of Ecology and Environment, together with 14 other departments, jointly issued the ""Implementation Plan for Establishing a Carbon Footprint Management System"". The Plan calls for strengthening the protection of data security and intellectual property related to product carbon footprints. It emphasizes the implementation of data security laws and regulations, enhanced oversight of data circulation, and the creation of a secure and reliable environment for data exchange. The Plan also encourages digital technology enterprises to provide cloud-based security services to improve overall data security standards.","https://www.gov.cn/gongbao/2024/issue_11386/202406/content_6955750.html","","BGK Timeframe: Since October 2024","7","0","Selected sectors"
"China","Implementation Plan for Establishing a Carbon Footprint Management System 《关于建立碳足迹管理体系的实施方案》","","","P7-I1","","","","","In addition to comprehensive legislation that applies horizontally across all sectors, China has also developed and implemented a wide range of sector-specific regulations related to data protection, offering detailed guidance tailored to different industries. For example, in just the first half of 2024 alone, the Chinese government issued over 20 national laws, industry regulations, and local policies concerning data security. A selection of these is listed below.

Education sector:
The General Office of the Ministry of Education Issued the “Management Standards for the Entry and Removal of Digital Educational Resources on the National Smart Education Platform”. According to the Standards, platform service providers must comply with relevant laws, regulations, and national standards, and adopt technical and other necessary measures to ensure the security of the platform and its resources, as well as retain network logs in accordance with the law.

Healthcare sector:
The National Health Commission, the National Administration of Traditional Chinese Medicine, and the National Disease Control and Prevention Administration jointly issued the ""Notice on Further Advancing the Electronic Information Management of Physicians"". The Notice calls on local authorities to implement a data security accountability system, strengthen data security monitoring and early warning mechanisms, regularly conduct security assessments and risk evaluations, and establish disaster recovery and data backup systems to ensure the security of information within electronic registration systems.

Finance sector:
The Ministry of Finance and the Cyberspace Administration of China jointly issued the ""Interim Measures for Data Security Management of Accounting Firms"". The Measures require accounting firms to classify and categorize data in accordance with relevant laws, regulations, and the data classification standards applicable to the industry of the audited entity. Firms must identify core data, important data, and general data, and comply with specific requirements regarding the storage, transmission, and logging of core and important data.

Energy sector:
The Ministry of Ecology and Environment, together with 14 other departments, jointly issued the ""Implementation Plan for Establishing a Carbon Footprint Management System"". The Plan calls for strengthening the protection of data security and intellectual property related to product carbon footprints. It emphasizes the implementation of data security laws and regulations, enhanced oversight of data circulation, and the creation of a secure and reliable environment for data exchange. The Plan also encourages digital technology enterprises to provide cloud-based security services to improve overall data security standards.","https://www.gov.cn/gongbao/2024/issue_11506/202408/content_6966477.html","","BGK Timeframe: Since May 2024","7","0","Selected sectors"
"China","Cybersecurity Law of the People's Republic of China《中华人民共和国网络安全法》","","","P7-I2","","","","","The Cybersecurity Law, which came into force on 1 June 2017, is the law covering various aspects of network security and has laid the foundation for a comprehensive cybersecurity regulatory regime in China. So far, a series of specific measures aimed at facilitating the implementation of the Cybersecurity Law have already been enacted, such as the Measures for Cybersecurity Review and the National Emergency Response Plan for Cybersecurity Incidents.","https://www.cac.gov.cn/2016-11/07/c_1119867116.htm","","BGK Timeframe: Since June 2017","7","0","Horizontal"
"China","Measures for Cybersecurity Review《网络安全审查办法》","","","P7-I2","","","","","The Cybersecurity Law, which came into force on 1 June 2017, is the law covering various aspects of network security and has laid the foundation for a comprehensive cybersecurity regulatory regime in China. So far, a series of specific measures aimed at facilitating the implementation of the Cybersecurity Law have already been enacted, such as the Measures for Cybersecurity Review and the National Emergency Response Plan for Cybersecurity Incidents.","https://www.cac.gov.cn/2022-01/04/c_1642894602182845.htm","","BGK Timeframe: Since February 2022","7","0","Horizontal"
"China","National Emergency Response Plan for Cybersecurity Incidents《国家网络安全事件应急预案》","","","P7-I2","","","","","The Cybersecurity Law, which came into force on 1 June 2017, is the law covering various aspects of network security and has laid the foundation for a comprehensive cybersecurity regulatory regime in China. So far, a series of specific measures aimed at facilitating the implementation of the Cybersecurity Law have already been enacted, such as the Measures for Cybersecurity Review and the National Emergency Response Plan for Cybersecurity Incidents.","https://www.cac.gov.cn/2017-06/27/c_1121220113.htm","","BGK Timeframe: Since January 2017","7","0","Horizontal"
"China","Regulation on Network Data Security Management《网络数据安全管理条例》","","","P7-I3","Article 12","","","","Article 12: When a network data processor provides or entrusts the processing of personal information and important data to another network data processor, it shall agree on the processing purposes, methods, scope, and security protection obligations through a contract or other means with the data recipient, and shall supervise the fulfillment of these obligations by the data recipient. Records of the processing activities involving the provision or entrustment of personal information and important data to another network data processor must be kept for at least 3 years.","https://www.gov.cn/zhengce/zhengceku/202409/content_6977767.htm","","BGK Timeframe: Since January 2025","7","1","Horizontal"
"China","Regulation on Internet Information Services of the People's Republic of China 《互联网信息服务管理办法》","","January 2011","P7-I3","Article 14","","","","The Regulation on Internet Information Services of the People's Republic of China requires that Internet Service Providers (ISPs) keep records of each service user’s time spent online, user account, IP address or domain name, phone number and other information for 60 days and provide that information to the authorized government authorities when required (Article 14.).","https://flk.npc.gov.cn/detail2.html?ZmY4MDgwODE2ZjNjYmIzYzAxNmY0MTE4ZTQ3NjE2ZjE","","BGK Timeframe: Since September 2000, last amended January 2011","7","1","Internet Service Providers"
"China","Interim Measures for the Administration of Online Ride-Hailing Services《网络预约出租汽车经营服务管理暂行办法》","","November 2022","P7-I3","Article 27","","","","Article 27 states that online ride-hailing platform companies must comply with national regulations on cybersecurity and information security. The personal information collected and business data generated shall be stored and used within mainland China, with a retention period of no less than two years. Unless otherwise stipulated by laws and regulations, such information and data shall not be transferred abroad.","https://www.gov.cn/zhengce/2022-12/06/content_5730384.htm","","BGK Timeframe: Since November 2016, last amended in November 2022","7","1","Ride-hailing platform"
"China","Measures on the Administration of Accounting Records《会计档案管理办法》","","","P7-I3","Article 14","","","","According to Article 14 of the measures, there are minimum retention periods for various accounting vouchers, accounts, books, financial reports and other accounting documents, and the retation periods are either 10 years or 30 years.
Furthermore, certain key accounting records are subject to permanent retention. These records include:
- Annual financial accounting reports
- List of handover accounting records
- List of retained accounting records
- Accounting records evaluation opinion","https://www.gov.cn/gongbao/content/2016/content_5041555.htm","","BGK Timeframe: Since January 2016 | BGK Note: Secondary source: https://www.lexology.com/library/detail.aspx?g=6bb7955f-5b20-4e80-b623-1f43a2b1ebb4","7","1","Accounting Services"
"China","E-commerce Law of the People's Republic of China《中华人民共和国电子商务法》","","","P7-I3","Article 31","","","","Article 31 of the Law states that all e-commerce platform business shall record and retain the information on the commodities and services and transaction information released in the platform and ensure the integrity, confidentiality and availability of the information. The information on commodities, services, and transactions shall be retained for at least three years from the day of completion of the transaction, unless otherwise provided by any law or administrative regulation.","http://www.mofcom.gov.cn/article/zt_dzswf/deptReport/201811/20181102808398.shtml","","BGK Timeframe: Since January 2019","7","1","E-commerce sector"
"China","Personal Information Protection Law of the People's Republic of China《中华人民共和国个人信息保护法》","","","P7-I4","Article 52","","","","Article 52 of The Personal Data Protection Law states that:

Where the quantity of personal information processed by a processor reaches that specified by the state cyberspace administration, the processor shall designate a person in charge of personal information protection to be responsible for supervising the processing of personal information and the adopted protection measures.

A personal information processor shall make public the contact information of the person in charge of personal information protection and submit the name and contact information of the person in charge of personal information protection to the department performing duties of personal information protection.

Furthermore, according to Article 55, a personal information processor shall conduct personal information protection impact assessment of the following circumstances in advance and keep a record of the processing:

(I) processing sensitive personal information;

(II) making use of personal information to make automatic decisions;

(III) entrusting others to process personal information, providing other personal information processors with personal information, and disclosing personal information;

(IV) providing personal information to overseas parties; and

(V) other personal information processing activities that have a significant impact on individuals’ rights and interests.

Guidance for Personal Information Security Impact Assessment (GB/T 39335 – 2020) ('the Security Impact Assessment Guidance') further provides detailed rules for personal information handlers on how to conduct protection impact assessment for high-risk data processing activities, e.g. processing sensitive personal information, providing personal information to another data handler, and cross-border transfer of personal information.","https://www.sac.gov.cn/cms_files/filemanager/samr/www/samrnew/wljys/gzzd/202304/t20230417_354662.html","","BGK Timeframe: Since November 2021","7","1","Horizontal"
"China","Guidance for Personal Information Security Impact Assessment (GB/T 39335–2020)《信息安全技术 个人信息安全影响评估指南》","","","P7-I4","Article 55","","","","Article 52 of The Personal Data Protection Law states that:

Where the quantity of personal information processed by a processor reaches that specified by the state cyberspace administration, the processor shall designate a person in charge of personal information protection to be responsible for supervising the processing of personal information and the adopted protection measures.

A personal information processor shall make public the contact information of the person in charge of personal information protection and submit the name and contact information of the person in charge of personal information protection to the department performing duties of personal information protection.

Furthermore, according to Article 55, a personal information processor shall conduct personal information protection impact assessment of the following circumstances in advance and keep a record of the processing:

(I) processing sensitive personal information;

(II) making use of personal information to make automatic decisions;

(III) entrusting others to process personal information, providing other personal information processors with personal information, and disclosing personal information;

(IV) providing personal information to overseas parties; and

(V) other personal information processing activities that have a significant impact on individuals’ rights and interests.

Guidance for Personal Information Security Impact Assessment (GB/T 39335 – 2020) ('the Security Impact Assessment Guidance') further provides detailed rules for personal information handlers on how to conduct protection impact assessment for high-risk data processing activities, e.g. processing sensitive personal information, providing personal information to another data handler, and cross-border transfer of personal information.","https://openstd.samr.gov.cn/bzgk/gb/newGbInfo?hcno=9EA84C0C3C2DBD3997B23F8E6C8ECA35","","BGK Timeframe: Since June 2021","7","1","Horizontal"
"China","Amendment to the Information Security Technology – Personal Information Security Specification (GB/T 35273-2020) 《信息安全技术-个人信息安全规范》（GB/T 35273-2020）修正案","","","P7-I4","Article 11.1","","","","The 2020 Specification provides that personal information controllers shall appoint a person and a department responsible for personal information (PI) protection. Article 11.1 further stipulates that the person responsible for PI protection must be someone who has relevant management experience and personal information protection expertise and shall participate in important decisions on personal information processing activities and report directly to the principal of the organization.

Article 11.1 further states that organizations meeting any of the following conditions should establish a dedicated personal information protection officer and a personal information protection work mechanism, responsible for personal information security work:

1. The primary business involves handling personal information, and the organization has more than 200 employees engaged in this business;
2. Processes personal information of over 1 million individuals, or is expected to process the personal information of over 1 million individuals within 12 months;
3. Processes the sensitive personal information of more than 100,000 individuals.","https://openstd.samr.gov.cn/bzgk/gb/newGbInfo?hcno=4568F276E0F8346EB0FBA097AA0CE05E; https://www.tc260.org.cn/upload/2020-09-18/1600432872689070371.pdf","","BGK Timeframe: Since October 2020","7","1","Horizontal"
"China","Cybersecurity Law of the People's Republic of China《中华人民共和国网络安全法》","","","P7-I4","Article 21","","","","Article 21 of the Cybersecurity Law requires network operators to appoint persons in charge of cybersecurity. Critical information infrastructure operators (CIIO) are also required to set up specialized security management bodies and persons responsible for security management. Further, CIIO's must conduct security background checks on those responsible persons and personnel in critical positions.","https://www.newamerica.org/cybersecurity-initiative/digichina/blog/translation-cybersecurity-law-peoples-republic-china/; http://www.cac.gov.cn/2016-11/07/c_1119867116.htm","","BGK Timeframe: Since June 2017","7","1","Horizontal"
"China","Counter-Espionage Law of the People's Republic of China《中华人民共和国反间谍法》","","July 2023","P7-I5","Article 25; Article 26","","","","Article 25 and 26 of the Counterespionage Law provides for state security organ personnel to gain entry to restricted regions, venues or units and to inspect, read or collect relevant archives, materials or items. Such access is permitted on the basis of relevant national regulations and upon approval and presentation of appropriate documents. Further, state security organ personnel can also check electronic communication tools, equipment and facilities in accordance with the regulations.

However, court order is not necessary when accessing archive, data, and information. Instead, Article 26 of the Law states that approval is required from the person in charge of the national security agency at the municipal level or above. In China, national security agency (国家安全机关) does not include the court.","https://www.gov.cn/yaowen/2023-04/27/content_5753385.htm","","BGK Timeframe: Since November 2014, last amended in July 2023","7","1","Horizontal"
"China","Measures for the Administration of Internet E-mail Services 2006 《互联网电子邮件服务管理办法》","","","P7-I5","","","","","These measures by the MIIT provide that “Citizens’ privacy of correspondence in using Internet e-mail services shall be protected by law. Unless the public security organisation or procuratorial organisation makes an inspection on the contents of correspondence pursuant to the procedures prescribed in law when required by national security or investigation of crimes, no organisation or individual shall infringe upon any citizen’s privacy of correspondence on any pretext.”

A requirement for court order is not present in the measures.","https://www.gov.cn/zhengce/2022-08/23/content_5722728.htm","","BGK Timeframe: Since March 2006 | BGK Note: Apple Inc., for instance, has moved personal data of Chinese customers stored on iCloud, including photos, videos, documents, and backups, to computer servers run by a state-owned Chinese data center firm. The storage covers cryptographic keys for unlocking iCloud accounts, raising concerns over Government access to the personal data without a court order (Nellis S. and Cadell C., 2018, and Apple 2020).

Nellis S. and Cadell C. (2018). Apple Moves to Store iCloud Keys in China Raising Human Rights Fears. Available at https://www.reuters.com/article/us-china-apple-icloud-insight-idUSKCN1G8060.

Apple (2020). Learn More About iCloud in China Mainland. Available at https://support.apple.com/en-us/HT208351.","7","1","E-mail service providers"
"China","Counterterrorism Law of the People's Republic of China 《中华人民共和国反恐怖主义法》","","April 2018","P7-I5","Article 18","","","","Article 18 of the Counterterrorism law requires Internet service providers and telecommunication sector to “provide technical support and assistance, such as technical interface and decryption, to support the activities of the public security and state security authorities in preventing and investigating terrorist activities.”

In addition, no ""court order"" is required for the technical support and assistance.","https://www.beijing.gov.cn/zhengce/zhengcefagui/qtwj/201912/t20191211_1055941.html","","BGK Timeframe: Since January 2016, last amended in April 2018","7","1","Internet service providers and telecommunication sector"
"China","Provisions on the Management of Internet Post Comments Services 《互联网跟帖评论服务管理规定》","","","P7-I5","Article 5","","","","Article 5 states that comment and reply service providers shall strictly fulfill their primary responsibilities by cooperating with relevant competent authorities in conducting supervision and inspection activities and providing the necessary technical support, documentation, and data assistance in accordance with the law.

A requirement for court order is not present in the measures.","https://www.cac.gov.cn/2017-08/25/c_1121541842.htm","","BGK Timeframe: Since October 2017","7","1","Internet Post Comments Services"
"China","Interim Administrative Measures for Generative Artificial Intelligence Services《生成式人工智能服务管理暂行办法》","","","P7-I5","Article 19","","","","Article 19: Relevant regulatory authorities shall conduct supervision and inspections of generative artificial intelligence (AI) services in accordance with their responsibilities. Service providers must cooperate as required by law and provide explanations regarding the sources, scale, types, and labeling rules of training data, as well as algorithm mechanisms and principles. They must also offer necessary technical, data, and other forms of support and assistance.

Institutions and personnel involved in the security assessment and supervision of generative AI services must keep confidential any state secrets, trade secrets, personal privacy, or personal information they become aware of in the course of their duties. They are prohibited from disclosing or unlawfully providing such information to others.","http://www.cac.gov.cn/2023-07/13/c_1690898327029107.htm","","BGK Timeframe: Since August 2023","7","1","Generative Artifical Intelligence Services"
"India","Government of India, Ministry of Science and Technology, National Data Sharing and Accessibility Policy 2012","","","P6-I1","","","","","India’s National Data Sharing and Accessibility Policy requires that “non-sensitive data available either in digital or analog forms but generated using public funds” must be stored within the borders of India. The policy states that data belongs to the ""agency/department/ministry/entity which collected them and reside in their IT enabled facility.”","https://dst.gov.in/national-data-sharing-and-accessibility-policy-0; https://www.usitc.gov/publications/332/pub4716.pdf; https://www.itic.org/public-policy/SnapshotofDataLocalizationMeasures6-13-2016.pdf","","BGK Timeframe: Since 2012","6","0.5","Data generated using public funds"
"India","Digital Personal Data Protection Act No. 22 2023","","","P6-I1","","","","","Under chapter 4 of Special provisions: 16.(1) (Processing of personal data outside India) The Central Government may, by notification, restrict the transfer of personal data by a Data Fiduciary for processing to such country or territory outside India as may be so notified. (2) Nothing contained in this section shall restrict the applicability of any law for the time being in force in India that provides for a higher degree of protection for or restriction on transfer of personal data by a Data Fid","https://www.meity.gov.in/writereaddata/files/Digital%20Personal%20Data%20Protection%20Act%202023.pdf","","BGK Timeframe: Since August 2023","6","0.5","Horizontal"
"India","Government of India, Ministry of Electronics and Information Technology (MeitY), Guidelines for Government Departments On Contractual Terms Related to Cloud Services 2015","","","P6-I1","","","","","In 2015, India’s Ministry of Electronics and Information Technology (MEITY) issued guidelines for a cloud computing empanelment process under which cloud computing service providers may be provisionally accredited as eligible for government procurements of cloud services. The guidelines require such providers to store all data in India to qualify for the accreditation.","http://meity.gov.in/writereaddata/files/Guidelines-Contractual_Terms.pdf","","BGK Timeframe: Since 2015 | BGK Note: https://www.usitc.gov/publications/332/pub4716.pdf","6","0.5","Cloud computing"
"India","Reserve Bank of India Directive 2018","","","P6-I2","","","","","In April 2018, the Reserve Bank of India (RBI) issued a one-page directive  vide circular DPSS.CO.OD.No 2785/06.08.005/2017-18  stating that, within six months, all payment data held by payment companies should be held in local facilities. The Directive noted that this would help the RBI gain ""unfettered supervisory access"" to transaction data, which it needs to ensure proper monitoring.

Following a negative response from international payment companies such as MasterCard, Visa and American Express, the RBI has proposed (in ""Frequently Asked Questions"" of its website) to ease this restriction, so as to allow payment firms to store data offshore, as long as a copy was kept in India. The RBI has further clarified that for cross border transaction data consisting of a foreign component and domestic component, a copy of the domestic component may be stored abroad, if required.

With respect to processing of payment transactions outside India, the RBI requires that the data must be stored only in India after processing and should be deleted from systems abroad and brought back to India no later than 24 hours after processing. Any subsequent activity such as settlement processing after payment processing done outside India, this must be undertaken on a real time basis pursuant to which the data must be stored only in India.

The RBI has clarified that banks, especially foreign banks, can continue to store banking data abroad but in respect of domestic payment transactions, the data must be stored only in India.","https://www.rbi.org.in/Scripts/NotificationUser.aspx?Id=11244&Mode=0; https://m.rbi.org.in/Scripts/FAQView.aspx?Id=130","","BGK Timeframe: Since April 2018 | BGK Note: The legal part written herein is accurate. In April 2018, the Reserve Bank of India (RBI) issued a, mandating all payment system providers to ensure that the entire data related to payment systems operated by them are stored in a system only in India. The Directive noted that this would help the RBI gain ""unfettered supervisory access"" to transaction data, which would ensure better monitoring.

RBI has clarified that for cross-border transaction data, consisting of a foreign component and a domestic component, a copy of the domestic component may be stored abroad if required. Further it was clarified that there is no bar on processing payment transactions outside India if so desired by the PSOs. However, the data shall be stored only in India after the processing. The complete end-to-end transaction details should be part of the data.

With respect to the processing of payment transactions outside India, the RBI requires that the data must be stored only in India after processing and should be deleted from systems abroad and brought back to India no later than one business day or 24 hours from payment processing, whichever is earlier. Any subsequent activity, such as settlement processing after payment processing done outside India, must be undertaken on a real-time basis, pursuant to which the data must be stored only in India.

The RBI has clarified that in case of banks, especially foreign banks, earlier specifically permitted to store the banking data abroad, they may continue to do so; however, in respect of domestic payment transactions, the data shall be stored only in India.

The directive is issued under Section 10(2) read with Section 18 of Payment and Settlement Systems Act 2007

THIRD PARTY LINK:
https://www.mondaq.com/india/financial-services/1098560/guidelines-for-storage-of-payment-data","6","0.5","Payment data"
"India","Government of India Ministry of Electronics and Information Technology (MeitY) Indian Computer Emergency Response Team (CERT-In) No. 20(3)/2022-CERT-In Directions under sub-section (6) of section 70B of the Information Technology Act, 2000 relating to Information Security Practices, Procedure, Prevention, Response and Reporting of Cyber Incidents for Safe and Trusted Internet 2022","","","P6-I2","","","","","All service providers, intermediaries, data centres, body corporate and Government organisations shall mandatorily enable logs of all their ICT systems and maintain them securely for a rolling period of 180 days and the same shall be maintained within the Indian jurisdiction (Clause vi).","https://www.pfrda.org.in/writereaddata/links/cert%201-2%20pages8112e879-dd34-4486-ace1-df7af3f458dc.pdf","","BGK Timeframe: Since April 2022","6","1","Horizontal"
"India","Insurance Regulatory and Development Authority of India (Maintenance of Insurance Records) Regulations, 2015","","","P6-I2","","","","","According to the Insurance Regulatory and Development Authority of India (IRDAI) Maintenance of Insurance Records Regulations, 2015, ""Insurers are required that [...] (ii) the records pertaining to policies issued and claims made in India (including the records held in electronic form) are held in data centres located and maintained in India."" In addition, the 2017 Regulations on Outsourcing of Activities by Indian Insurers provide that Indian insurers, even in cases where they outsource their services outside India, must retain all original records in India.

Provisions relating to outsourcing of activities have been subsumed in Insurance Regulatory and Development Authority of India (Protection of Policyholders’ Interests, Operations and Allied Matters of Insurers) Regulations, 2024 notified on 22.03.2024.
Pl refer Regulation 53(2) of the said regulation, which are reproduced hereunder. Specifically, 53 (2) In cases where insurer outsources to the service providers outside India, if permitted by the Competent Authority, the insurers shall ensure that the terms of the agreement are in compliance with respective host country regulations governing the outsourcing service provider and laws of the country concerned and such laws and regulations do not impede the regulatory access and oversight by the Authority. All original policyholder records continue to be maintained in India.","https://irdai.gov.in/document-detail?documentId=604674","","BGK Timeframe: Since 2015 | BGK Note: It appears, it is a repetition of para 6.2.6. Please refer comments furnished at 6.2.6 hereunder.

""Provisions relating to outsourcing of activities have been subsumed in Insurance Regulatory and Development Authority of India (Protection of Policyholders’ Interests, Operations and Allied Matters of Insurers) Regulations, 2024 notified on 22.03.2024.
Pl refer Regulation 53(2) of the said regulation, which are reproduced hereunder.

“53 (2) In cases where insurer outsources to the service providers outside India, if permitted by the Competent Authority, the insurers shall ensure that the terms of the agreement are in compliance with respective host country regulations governing the outsourcing service provider and laws of the country concerned and such laws and regulations do not impede the regulatory access and oversight by the Authority. All original policyholder records continue to be maintained in India.”

THIRD PARTY LINKS:
https://corporate.cyrilamarchandblogs.com/2019/05/data-protection-indian-insurance-sector-regulatory-framework-part-1/

https://www.khaitanco.com/sites/default/files/2021-04/Data%20Localization%20Laws%20India.pdf""","6","0.5","Insurance Services"
"India","Insurance Regulatory and Development Authority of India (Outsourcing of Activities by Indian Insurers) Regulations, 2017","","","P6-I2","","","","","According to the Insurance Regulatory and Development Authority of India (IRDAI) Maintenance of Insurance Records Regulations, 2015, ""Insurers are required that [...] (ii) the records pertaining to policies issued and claims made in India (including the records held in electronic form) are held in data centres located and maintained in India."" In addition, the 2017 Regulations on Outsourcing of Activities by Indian Insurers provide that Indian insurers, even in cases where they outsource their services outside India, must retain all original records in India.

Provisions relating to outsourcing of activities have been subsumed in Insurance Regulatory and Development Authority of India (Protection of Policyholders’ Interests, Operations and Allied Matters of Insurers) Regulations, 2024 notified on 22.03.2024.
Pl refer Regulation 53(2) of the said regulation, which are reproduced hereunder. Specifically, 53 (2) In cases where insurer outsources to the service providers outside India, if permitted by the Competent Authority, the insurers shall ensure that the terms of the agreement are in compliance with respective host country regulations governing the outsourcing service provider and laws of the country concerned and such laws and regulations do not impede the regulatory access and oversight by the Authority. All original policyholder records continue to be maintained in India.","https://irdai.gov.in/document-detail?documentId=604638","","BGK Timeframe: Since 2017 | BGK Note: It appears, it is a repetition of para 6.2.6. Please refer comments furnished at 6.2.6 hereunder.

""Provisions relating to outsourcing of activities have been subsumed in Insurance Regulatory and Development Authority of India (Protection of Policyholders’ Interests, Operations and Allied Matters of Insurers) Regulations, 2024 notified on 22.03.2024.
Pl refer Regulation 53(2) of the said regulation, which are reproduced hereunder.

“53 (2) In cases where insurer outsources to the service providers outside India, if permitted by the Competent Authority, the insurers shall ensure that the terms of the agreement are in compliance with respective host country regulations governing the outsourcing service provider and laws of the country concerned and such laws and regulations do not impede the regulatory access and oversight by the Authority. All original policyholder records continue to be maintained in India.”

THIRD PARTY LINKS:
https://corporate.cyrilamarchandblogs.com/2019/05/data-protection-indian-insurance-sector-regulatory-framework-part-1/

https://www.khaitanco.com/sites/default/files/2021-04/Data%20Localization%20Laws%20India.pdf""","6","0.5","Insurance Services"
"India","Insurance Regulatory and Development Authority of India (Protection of Policyholders’ Interests, Operations and Allied Matters of Insurers) Regulations 2024","","","P6-I2","Regulation 53(2)","","","","According to the Insurance Regulatory and Development Authority of India (IRDAI) Maintenance of Insurance Records Regulations, 2015, ""Insurers are required that [...] (ii) the records pertaining to policies issued and claims made in India (including the records held in electronic form) are held in data centres located and maintained in India."" In addition, the 2017 Regulations on Outsourcing of Activities by Indian Insurers provide that Indian insurers, even in cases where they outsource their services outside India, must retain all original records in India.

Provisions relating to outsourcing of activities have been subsumed in Insurance Regulatory and Development Authority of India (Protection of Policyholders’ Interests, Operations and Allied Matters of Insurers) Regulations, 2024 notified on 22.03.2024.
Pl refer Regulation 53(2) of the said regulation, which are reproduced hereunder. Specifically, 53 (2) In cases where insurer outsources to the service providers outside India, if permitted by the Competent Authority, the insurers shall ensure that the terms of the agreement are in compliance with respective host country regulations governing the outsourcing service provider and laws of the country concerned and such laws and regulations do not impede the regulatory access and oversight by the Authority. All original policyholder records continue to be maintained in India.","https://irdai.gov.in/documents/37343/991172/Draft+IRDAI(Protection+of+Policyholders’+Interests+and+Allied+Matters+of+Insurers)+Regulations","","BGK Timeframe: Since March 2024 | BGK Note: It appears, it is a repetition of para 6.2.6. Please refer comments furnished at 6.2.6 hereunder.

""Provisions relating to outsourcing of activities have been subsumed in Insurance Regulatory and Development Authority of India (Protection of Policyholders’ Interests, Operations and Allied Matters of Insurers) Regulations, 2024 notified on 22.03.2024.
Pl refer Regulation 53(2) of the said regulation, which are reproduced hereunder.

“53 (2) In cases where insurer outsources to the service providers outside India, if permitted by the Competent Authority, the insurers shall ensure that the terms of the agreement are in compliance with respective host country regulations governing the outsourcing service provider and laws of the country concerned and such laws and regulations do not impede the regulatory access and oversight by the Authority. All original policyholder records continue to be maintained in India.”

THIRD PARTY LINKS:
https://corporate.cyrilamarchandblogs.com/2019/05/data-protection-indian-insurance-sector-regulatory-framework-part-1/

https://www.khaitanco.com/sites/default/files/2021-04/Data%20Localization%20Laws%20India.pdf""","6","0.5","Insurance Services"
"India","Companies Act No.18 2013","","2020","P6-I2","Section 128","","","","The Ministry of Corporate Affairs amended Section 128 of the Companies Act (2013), which requires every company to store, at its registered office, books of account, other relevant books and papers and financial statements for every financial year, to include a rule specifying all such relevant books and papers maintained in an electronic mode should remain accessible in India, at all times.","https://www.mca.gov.in/Ministry/pdf/CompaniesAct2013.pdf; https://ca2013.com/notifications/notification-regarding-companies-accounts-rules-2014-dated-05-08-2022/","","BGK Timeframe: Since August 2013, last amended in 2020","6","1","Horizontal"
"India","Insurance Regulatory and Department Authority of India (Maintenance of Insurance Records) Regulations, 2015","","","P6-I2","Regulation 3(9)","","","","The records including those held in electronic mode, pertaining to all the policies issued and all claims made in India shall be held in data centres located and maintained in India only (Regulation 3(9) Maintenance of Insurance Records).","https://irdai.gov.in/document-detail?documentId=604674","","BGK Timeframe: Since 2015 | BGK Note: Pl refer Regulation 3(9) of Insurance Regulatory and Development Authority of India (Maintenance of Insurance Records) Regulations, 2015","6","1","Insurance Services"
"India","Ministry of Electronics and Information Technology Cyber Security Direction 2022","","","P6-I2","","","","","All service providers, intermediaries, data centres, body corporate and Government organisations shall mandatorily enable logs of all their ICT systems and maintain them securely for a rolling period of 180 days and the same shall be maintained within the Indian jurisdiction (Clause iv).","https://www.pfrda.org.in/writereaddata/links/cert%201-2%20pages8112e879-dd34-4486-ace1-df7af3f458dc.pdf","","BGK Timeframe: Since June 2022","6","1","Cyber Security"
"India","Digital Personal Data Protection Act No. 22 2023","","","P6-I3","","","","","There are no particular requirements regarding infrastructure as of yet. Many rely on common law to settle disputes or look to the Personal Data Protection Act (2023) to follow a common practice. The Act has a Personal Data Protection Board (“the Board”), who handles consumer inquiries about the processing of their personal data, which could pretain to infrastructure, however still do not have clear mandates.","https://www.meity.gov.in/writereaddata/files/Digital%20Personal%20Data%20Protection%20Act%202023.pdf","","BGK Timeframe: Since August 2023","6","0","Horizontal"
"India","Digital Personal Data Protection Act No. 22 2023","","","P6-I4","Article 16","","","","Article 16 (Special provisions) of the Act states that the Central Government may, by notification, restrict the transfer of personal data by a Data Fiduciary for processing to such country or territory outside India except outside countries provides for a higher degree of protection for or restriction on transfer of personal data. The regulation also provides exemption on allowing transfer of personal data, including:
(a) the processing of personal data is necessary for enforcing any legal right or claim;
(b) the processing of personal data by any court or tribunal or any other body in India which is entrusted by law with the performance of any judicial or quasi-judicial or regulatory or supervisory function, where such processing is necessary for the performance of such function;
(c) personal data is processed in the interest of prevention, detection, investigation or prosecution of any offence or contravention of any law for the time being in force in India;
(d) personal data of Data Principals not within the territory of India is processed pursuant to any contract entered into with any person outside the territory of India by any person based in India;
(e) the processing is necessary for a scheme of compromise or arrangement or merger or amalgamation of two or more companies or a reconstruction by way of demerger or otherwise of a company, or transfer of undertaking of one or more company to another company, or involving division of one or more companies, approved by a court or tribunal or other authority competent to do so by any law for the time being in force; and
(f) the processing is for the purpose of ascertaining the financial information and assets and liabilities of any person who has defaulted in payment due on account of a loan or advance taken from a financial institution, subject to such processing being in accordance with the provisions regarding disclosure of information or data in any other law for the time being in force.

However, this Act is not yet in force.","https://www.meity.gov.in/writereaddata/files/Digital%20Personal%20Data%20Protection%20Act%202023.pdf","","BGK Timeframe: Since August 2023 | BGK Note: (i) The DPDP Act, 2023 was passed by the Government and is yet to come into force. Further, clarity on its various aspects including cross-border data transfer and processing will emerge once the Rules are notified by the Government. As the Act is not administered by RBI, we are not in a position to comment on the provisions of the Act at this stage.

(ii) However, RBI has mandated certain data localisation requirements for its Regulated Entities (REs) in certain specific context and on areas such as payment data, Video-KYC data, Credit Card data, digital lending data, P2P lending data, Credit Information handled by Credit Information Companies, data used for the calculation of benchmarks by Financial Benchmark Administrators, etc.","6","0","Horizontal"
"India","Information Technology (Reasonable Security Practices and Procedures and Sensitive Personal Data or Information) Rules 2011","","","P6-I4","","","","","Rule 6 of the Information Technology Rules 2011 provides that cross-border data transfers of sensitive personal data or information can be made to any other corporate entity or person in India or to any other country that ensures the same level of data protection as provided under the Rules. Disclosure of sensitive personal data or information by a corporation to any third party shall require prior permission from the provider of such information, who has provided such information under lawful contract or otherwise, unless such disclosure has been agreed to in the contract between the body corporate and provider of information, or where the disclosure is necessary for compliance of a legal obligation. Sensitive personal information includes passwords, financial information such as bank account or credit/debit card details, sexual orientation, physical, mental health condition, biometric information etc.

According to the Clarification on Information Technology Rules, published in August 2011, corporations providing services relating to collection, storage, dealing or handling of sensitive personal data or information under contractual obligation with any legal entity located within or outside India are not subject to the requirement of Rule 6.","http://www.wipo.int/wipolex/en/text.jsp?file_id=338328","","BGK Timeframe: Since April 2011","6","1","Horizontal"
"India","Clarification on Information Technology (Reasonable security practices and procedures and sensitive personal data or information) Rules 2011","","","P6-I4","Rule 6","","","","Rule 6 of the Information Technology Rules 2011 provides that cross-border data transfers of sensitive personal data or information can be made to any other corporate entity or person in India or to any other country that ensures the same level of data protection as provided under the Rules. Disclosure of sensitive personal data or information by a corporation to any third party shall require prior permission from the provider of such information, who has provided such information under lawful contract or otherwise, unless such disclosure has been agreed to in the contract between the body corporate and provider of information, or where the disclosure is necessary for compliance of a legal obligation. Sensitive personal information includes passwords, financial information such as bank account or credit/debit card details, sexual orientation, physical, mental health condition, biometric information etc.

According to the Clarification on Information Technology Rules, published in August 2011, corporations providing services relating to collection, storage, dealing or handling of sensitive personal data or information under contractual obligation with any legal entity located within or outside India are not subject to the requirement of Rule 6.","https://www.meity.gov.in/writereaddata/files/PressNote_25811.pdf","","BGK Timeframe: Since August 2011","6","1","Horizontal"
"India","Digital Personal Data Protection Act No. 22 2023","","","P7-I1","Article 4","","","","India's framework of data protection consists of the DPDPA (2023) ""An Act to provide for the processing of digital personal data in a manner that recognises both the right of individuals to protect their personal data and the need to process such personal data for lawful purposes and for matters connected therewith or incidental thereto""/

This Act focuses on safeguarding personal data by locialization of data storage, accessiblity to personal data, autonomy in how data may be used, limitations set on data fiduciaries, data processing stipulations, and over all transparency and policing. For instance, Article 4 (Grounds for processing personal data) of the Act states that a person may process the personal data of a Data Principal only in accordance with the provisions of this Act and for a lawful purpose, for which the Data Principal has given her consent or for certain legitimate uses.","https://www.meity.gov.in/writereaddata/files/Digital%20Personal%20Data%20Protection%20Act%202023.pdf","","BGK Timeframe: Since August 2023","7","0","Horizontal"
"India","Master Direction on Information Technology Governance, Risk, Controls and Assurance Practices 2023","","","P7-I1","","","","","The Reserve Bank of India (RBI) has introduced comprehensive guidelines for fintech companies (""regulated entities"": RE) to ensure data protection and customer safety. RBI emphasizes the implementation of strong data protection measures, including encrypting sensitive customer data during storage and transmission (10. Third-Party Arrangements, 23. IT and Information Security Risk Management Framework, ).  Under, 24. Information Security Policy and Cyber Security Policy, A senior level executive (preferably in the rank of a General Manager or an equivalent position) shall be designated as the Chief Information Security Officer (CISO). Finally, under 27. Cyber Incident Response and Recovery Management RE's cyber incident response and recovery management policy shall address the classification and assessment of incidents; include a clear communication strategy and plan to manage such incidents, contain exposures and achieve timely recovery.","https://www.rbi.org.in/scripts/BS_ViewMasDirections.aspx?id=12562","","BGK Timeframe: Since November 2023","7","0","Banking sector"
"India","Government of India, Ministry of Communication and Information Technology, National Cyber Security Policy 2013","","","P7-I2","","","","","The vision of this policy is ""To build a secure and resilient cyberspace for citizens , businesses and Government"". The policy gives a framework to create a secure, resilient cyberspace. It also talks about strategies to do so,strengthening of regulatory framework (section D) to develop a dynamic legal frameowkr to address cybersecurity challenges arising out of technological developments in the cyber space, early warning systems (section E) especially at the national level, response to threats etc.","https://www.meity.gov.in/sites/upload_files/dit/files/National%20Cyber%20Security%20Policy%20%281%29.pdf","","BGK Timeframe: Since July 2013","7","0","Cyber security"
"India","Information Technology Act No.21 2000","","2008","P7-I2","Article 65","","","","While its not solely focused on cybersecurity, there are some sections that do provide a framework to deal with cyberthreats. Example, Chapter 9 mentions penalties  for cybercrimes and  Chapter 11 mentions offences in the cyberspace like tampering source codes, hacking, publishing obscene information.

Specifically, Article 65 prescribes that whoever knowingly or intentionally conceals, destroys or alters or intentionally or knowingly causes another to conceal, destroy or alter any computer source code used for a computer, computer programme, computer system or computer network, when the computer source code is required to be kept or maintained by law for the time being in force, shall be punishable with imprisonment up to three years, or with fine which may extend up to two lakh rupees, or with both. ""Computer source code"" means the listing of programmes, computer commands, design and layout and programme analysis of computer resource in any form.","https://www.meity.gov.in/writereaddata/files/itbill2000.pdf","","BGK Timeframe: Since December 2000, last amended in 2008","7","0","Horizontal"
"India","Master Direction on Information Technology Governance, Risk, Controls and Assurance Practices 2023","","","P7-I2","Section 24","","","","In chapter 4, section 24, the guidelines outline a cybersecurity policy: regulated entities (REs) shall also put in place a Cyber Security Policy and Cyber Crisis Management Plan (CCMP).","https://www.rbi.org.in/scripts/BS_ViewMasDirections.aspx?id=12562","","BGK Timeframe: Since November 2023","7","0","Banking sector"
"India","Comprehensive Cyber Security Framework for Primary (Urban) Cooperative Banks (UCBs) – A Graded Approach 2019","","","P7-I2","","","","","This document outlines security controls for cooperative banks, with a focus on data security and encryption to prevent cyber-attacks. For instance under ""Baseline Cyber Security and Resilience Requirements - Level I"" banks muts implement specific email domains, two factor authentication, security reviews and robust password management. Under additional requirements, banks are also required to have network management and must conduct ""Vulnerability Assessment/ Penetration Testing (VA/PT)""","https://www.rbi.org.in/scripts/NotificationUser.aspx?Mode=0&Id=11772","","BGK Timeframe: Since December 2019","7","0","Primary (Urban) Cooperative Banks (UCBs)"
"India","Government of India, Ministry of Communications and IT, License Agreement for Provision of Internet Services 2013","","January 2022","P7-I3","","","","","Under Unified License (UL): Part -I: CHAPTER-VI : SECURITY CONDITIONS, the following security condition is mentioned which shall be applicable for all services provided under UL, unless specified otherwise in the service specific Chapters in PART-II. Specifically,  39.20 states that the Licensee shall maintain all commercial records/ Call Detail Record (CDR)/ Exchange Detail Record (EDR)/ IP Detail Record (IPDR) with regard to the communications exchanged on the network. Such records shall be archived for at least two years for scrutiny by the Licensor for security reasons and may be destroyed thereafter unless directed otherwise by the Licensor. Licensor may issue directions /instructions from time to time with respect to commercial records, call detail records, exchange detail records, and IP detail records.

2. CHAPTER-IX INTERNET SERVICE
7. Security Conditions:
7.1 The Licensee shall maintain CDR/IPDR for Internet including Internet Telephony Service for a minimum period of two years. Parameters of IPDR shall be maintained as per the directions/instructions issued by the Licensor from time to time.
7.2 The Licensee shall maintain log-in/log-out details of all subscribers for services provided such as internet access, email, Internet Telephony, IPTV etc. These logs shall be maintained for a minimum period of two years.","https://dot.gov.in/sites/default/files/Amendment%20in%20Internet%20Service%20Provider%20.pdf?download=1","","BGK Timeframe: Since 2013, last amended in January 2022 | BGK Note: Under Unified License (UL): Part -I: CHAPTER-VI : SECURITY CONDITIONS, the following security condition is mentioned which shall be applicable for all services provided under UL, unless specified otherwise in the service specific Chapters in PART-II

• 39.20 The Licensee shall maintain all commercial records/ Call Detail Record (CDR)/ Exchange Detail Record (EDR)/ IP Detail Record (IPDR) with regard to the communications exchanged on the network. Such records shall be archived for at least two years for scrutiny by the Licensor for security reasons and may be destroyed thereafter unless directed otherwise by the Licensor. Licensor may issue directions /instructions from time to time with respect to commercial records /CDR/IPDR/EDR.","7","1","Internet Service Providers"
"India","Government of India, Ministry of Communications and IT, License Agreement for Provision of Unified Access Services after Migration from CMTS 2009","","","P7-I3","","","","","Under Unified License (UL): Part -I: CHAPTER-VI : SECURITY CONDITIONS, the following security condition is mentioned which shall be applicable for all services provided under UL, unless specified otherwise in the service specific Chapters in PART-II. Specifically,  39.20 states that the Licensee shall maintain all commercial records/ Call Detail Record (CDR)/ Exchange Detail Record (EDR)/ IP Detail Record (IPDR) with regard to the communications exchanged on the network. Such records shall be archived for at least two years for scrutiny by the Licensor for security reasons and may be destroyed thereafter unless directed otherwise by the Licensor. Licensor may issue directions /instructions from time to time with respect to commercial records, call detail records, exchange detail records, and IP detail records.

2. CHAPTER-IX INTERNET SERVICE
7. Security Conditions:
7.1 The Licensee shall maintain CDR/IPDR for Internet including Internet Telephony Service for a minimum period of two years. Parameters of IPDR shall be maintained as per the directions/instructions issued by the Licensor from time to time.
7.2 The Licensee shall maintain log-in/log-out details of all subscribers for services provided such as internet access, email, Internet Telephony, IPTV etc. These logs shall be maintained for a minimum period of two years.","https://dot.gov.in/sites/default/files/UAS%20license-agreement-19-12-2007.pdf?download=1","","BGK Timeframe: Since 2009 | BGK Note: Under Unified License (UL): Part -I: CHAPTER-VI : SECURITY CONDITIONS, the following security condition is mentioned which shall be applicable for all services provided under UL, unless specified otherwise in the service specific Chapters in PART-II

• 39.20 The Licensee shall maintain all commercial records/ Call Detail Record (CDR)/ Exchange Detail Record (EDR)/ IP Detail Record (IPDR) with regard to the communications exchanged on the network. Such records shall be archived for at least two years for scrutiny by the Licensor for security reasons and may be destroyed thereafter unless directed otherwise by the Licensor. Licensor may issue directions /instructions from time to time with respect to commercial records /CDR/IPDR/EDR.","7","1","Internet Service Providers"
"India","Prevention of Money-laundering (Maintenance of Records of the Nature and Value of Transactions, the Procedure and Manner of Maintaining and Time for Furnishing Information and Verification and Maintenance of Records of the Identity of the Clients of the Banking Companies, Financial Institutions and Intermediaries) Rules 2005","","","P7-I3","Section 10","","","","As mentioned in footnote 2 (on page 82) attached to the section 10. Maintenance of the records of the identity of clients. part 3 states that banking information must be stored for 10 years ""from the date of cessation of the transactions between the client and the banking company, financial institution or intermediary, as the case may be"".","https://upload.indiacode.nic.in/showfile?actid=AC_CEN_2_2_00035_200315_1517807326550&type=rule&filename=The%20Prevention%20of%20Money-laundering%20(Maintenance%20of%20Records)%20Rules; http://govaccess.cdt.info./business-records.php","","BGK Timeframe: Since July 2005","7","1","Banking companies and financial institutions"
"India","Securities and Exchange Board of India (Listing Obligations and Disclosure Requirements) Regulations 2015","","","P7-I3","","","","","As per the SEBI Listing Regulations, a listed entity (i.e. an entity which is listed on the stock market) is required to have a policy for the preservation of documents. The SEBI Listing Regulations require that records, books, papers and documents of the company be preserved as per the following classifications:
i) Schedule I - to be preserved permanently. Documents listed under these schedule include incorporation documents, share certificates, register of minutes of board meetings, register of members etc.
ii) Schedule II – to be preserved for eight years. Documents listed under this schedule include books of accounts, attendance register of board meetings, register of debenture holders etc.
iii) Schedule III – to be preserved for a minimum period of five years or such higher period as may be determine by the board of directors of the company. Documents listed under this schedule include register of stock options, register of directors and key managerial personnel, disclosures made under applicable company laws etc.
As per the SEBI Listing Regulations, documents set out in Schedule I and II can be kept in electronic mode. The complete list of documents under each schedule is set out in the SEBI Listing Regulations.","https://www.sebi.gov.in/legal/regulations/sep-2023/securities-and-exchange-board-of-india-listing-obligations-and-disclosure-requirements-regulations-2015-last-amended-on-september-20-2023-_77239.html","","BGK Timeframe: Since December 2015","7","1","Listed (Public) Companies"
"India","Government of India Ministry of Electronics and Information Technology (MeitY) Indian Computer Emergency Response Team (CERT-In) No. 20(3)/2022-CERT-In Directions under sub-section (6) of section 70B of the Information Technology Act, 2000 relating to Information Security Practices,Procedure, Prevention, Response and Reporting of Cyber Incidents for Safe and Trusted Internet 2022","","","P7-I3","","","","","India's Computer Emergency Response Team (CERT-in) introduced a new directive that requires all VPN, VPS, and cloud providers to store sensitive user data for a minimum of five years. Including: Validated names of subscribers/customers hiring the services, Email address and IP address and time stamp used at the time of registration, purpose of hiring, address and contact numbers, IP allotted, and more (Clause vi).","https://www.pfrda.org.in/writereaddata/links/cert%201-2%20pages8112e879-dd34-4486-ace1-df7af3f458dc.pdf","","BGK Timeframe: Since April 2022 | BGK Note: THIRD PARTY LINK: https://timesofindia.indiatimes.com/gadgets-news/explainer-new-vpn-rules-why-vpn-companies-are-upset-and-what-they-mean-for-you/articleshow/92270798.cms","7","1","VPN"
"India","Reserve Bank of India Master Direction on Issuance and Operation of Prepaid Payment Instruments (PPI)","","November 2020","P7-I3","Clause 6","","","","Under Clause 6 (Safeguards against Money Laundering (KYC / AML / CFT) Provisions), 6.3 PPI issuers shall maintain a log of all the transactions undertaken using the PPIs for at least ten years. This data shall be made available for scrutiny to RBI or any other agency / agencies as may be advised by RBI.","https://www.rbi.org.in/Scripts/BS_ViewMasDirections.aspx?id=11142","","BGK Timeframe: Since October 2017, last amended in November 2020","7","1","Prepaid Payment Instruments"
"India","Government of India Ministry of Electronics and Information Technology (MeitY) Indian Computer Emergency Response Team (CERT-In) No. 20(3)/2022-CERT-In Directions under sub-section (6) of section 70B of the Information Technology Act, 2000 relating to Information Security Practices,Procedure, Prevention, Response and Reporting of Cyber Incidents for Safe and Trusted Internet 2022","","","P7-I3","","","","","All service providers, intermediaries, data centres, body corporate and Government organisations shall mandatorily enable logs of all their ICT systems and maintain them securely for a rolling period of 180 days and the same shall be maintained within the Indian jurisdiction (Clause vi).","https://www.pfrda.org.in/writereaddata/links/cert%201-2%20pages8112e879-dd34-4486-ace1-df7af3f458dc.pdf","","BGK Timeframe: Since April 2022","7","1","Horizontal"
"India","Reserve Bank of India (Know Your Customer (KYC)) Directions 2016","","January 2024","P7-I3","","","","","In chapter 5, the circular requires to  (a) maintain all necessary records of transactions between the Regulated entities(RE) and the customer, both domestic and international, for at least five years from the date of transaction;

(b) preserve the records pertaining to the identification of the customers and their addresses obtained while opening the account and during the course of business relationship, for at least five years after the business relationship is ended;","https://www.rbi.org.in/CommonPerson/english/scripts/notification.aspx?id=2607","","BGK Timeframe: Since Februaru 2016, last amended in January 2024","7","1","All entities regulated by Reserve Bank of India"
"India","Information Technology (Intermediary Guidelines and Digital Media Ethics Code) Rules 2021","","April 2023","P7-I3","","","","","Due diligence by an intermediary: An intermediary, including a social media intermediary, a significant social media intermediary and an online gaming intermediary, shall observe the following due diligence while discharging its duties, namely: (g) where upon receiving actual knowledge under clause (d), on a voluntary basis on violation of clause (b), or on the basis of grievances received under sub-rule (2) any information has been removed or access to which has been disabled, the intermediary shall, without vitiating the evidence in any manner, preserve such information and associated records for one hundred and eighty days for investigation purposes, or for such longer period as may be required by the court or by Government agencies who are lawfully authorised;
(h) where an intermediary collects information from a user for registration on the computer resource, it shall retain his information for a period of one hundred and eighty days after any cancellation or withdrawal of his registration, as the case may be.

Specifically, intermediaries include, for example, a social media intermediary, a significant social media intermediary and an online gaming intermediary.","https://www.meity.gov.in/writereaddata/files/Information%20Technology%20%28Intermediary%20Guidelines%20and%20Digital%20Media%20Ethics%20Code%29%20Rules%2C%202021%20%28updated%2006.04.2023%29-.pdf","","BGK Timeframe: Since February 2021, last amended in April 2023","7","1","Internet Intermediaries"
"India","Notification 20-271/2010 AS-I (Vol.-III) Amendment in Unified License (UL) Agreement for Change in Time Period of Storage of Call Detail Record (CDR)/ Exchange Detail Record (EDR)/ IP Detail Record (IPDR)-regarding 2021","","","P7-I3","Clause 7","","","","Provides a list of te following amended clauses: 39.20 The Licensee shall maintain all commercial records/ Call Detail Record (CDR)/ Exchange Detail Record (EDR)/ IP Detail Record (IPDR) with regard to the communications exchanged on the network. Such records shall be archived for at least two years for scrutiny by the Licensor for security reasons and may be destroyed thereafter unless directed otherwise by the Licensor. Licensor may issue directions /instructions from time to time with respect to commercial records/ CDR /IPDR /EDR.

Part II Chapter IX (Internet service) Clause 7 Security Conditions: 7.1 The Licensee shall maintain CDR/IPDR for Internet including Internet Telephony Service for a minimum period of two years. Parameters of IPDR shall be maintained as per the directions/instructions issued by the Licensor from time to time.

7.2 The Licensee shall maintain login/log-out details of all subscribers for services provided such as internet access, e-mail, Internet Telephony, lPTV etc. These logs shall be maintained for a minimum period of two years.","https://dot.gov.in/sites/default/files/21122021%20UL%20CDR%20two%20years.pdf","","BGK Timeframe: Since December 2021","7","1","Call Detail Record (CDR)/ Exchange Detail Record (EDR)/ IP Detail Record (IPDR)"
"India","Information Technology (Guidelines for Cyber Café) Rules 2011","","","P7-I3","Section 3","","","","(2). Further the intermediary shall preserve such (illegal information mentioned in section 3) information and associated records for at least ninety days for investigation purposes. AND  The Cyber Café shall keep a record of the user identification document by either storing a photocopy or a scanned copy of the document duly authenticated by the user and authorised representative of cyber cafe. Such record shall be securely maintained for a period of at least one year.","https://www.meity.gov.in/sites/upload_files/dit/files/RNUS_CyberLaw_15411.pdf","","BGK Timeframe: Since April 2011","7","1","Cyber Cafes"
"India","International Financial Services Centres Authority (Market Infrastructure Institutions) Regulations 2021","","","P7-I3","","","","","Regulation 39(1) of IFSCA (Market Infrastructure Institutions) Regulations, 2021 and Rule 14 of the Securities Contracts (Regulation) Rules, 1957 requires that stock exchanges must keep the following books and records in an electronic retrieval form for minimum of 20 years:
(1) Minute books of the meetings of— (a) members; (b) governing body; (c) any standing committee or committees of the governing body or of the general body of members.
(2) Register of members showing their full names and addresses. Where any member of the stock exchange is a firm, full names and addresses of all partners shall be shown.
(3)Register of authorised clerks.
(4)Register of remisiers of authorised assistants.
(5)Record of security deposits.
(6)Margin deposits book.
(7)Ledgers.
(8)Journals.
(9)Cash book.
(10)Bank passbook
(11) such other records as may be specified by Authority from time to time.

Regulation 39(2) of the Regulation, every recognized clearing corporation shall maintain and preserve the following documents in electronic retrieval form (minimum period of 20 years):
(a) Minute books of the meetings of:
(i) governing board;
(ii) any committees of the governing board;
(b) Record of clearing members showing their full names, addresses and details of bank and depository accounts for settlement purposes;
(c) Transaction records;
(d) Record of security deposits;
(e) Margin deposits book;
(f) Client margin collection details;
(g) Ledgers;
(h) Journals;
(i) Cash book;
(j) Bank account statement;
(k) Such other records as may be specified by the Authority from time to time.

Additionally, regulation 57 of the Regulation, every recognized depository shall maintain the following documents in electronic retrieval form (a minimum period of 20 years):
a) records of securities dematerialised and rematerialised;
b) the names of the transferor, transferee, and the dates of transfer of securities;
c) a register and an index of beneficial owners;
d) details of the holding of the securities of beneficial owners as at the end of each day;
e) records of instructions received from and sent to participants, issuers, issuers’ agents and beneficial owners;
f) records of approval, notice, entry and cancellation of pledge or hypothecation, as the case may be;
g) details of participants;
h) details of securities declared to be eligible for dematerialisation in the depository; and
i) such other records as may be specified by the Authority from time to time.","https://ifsca.gov.in/Legal/Index?MId=MMc3uVo6gKc=","","BGK Timeframe: Since April 2021 | BGK Note: Information provided by Government verification. All Regulated Entities, registered, licensed, recognized or authorized by IFSCA, are required to maintain and preserve their records for certain minimum periods as prescribed/specified under the relevant Acts/rules/regulations.","7","1","Stock exchange"
"India","Securities Contracts (Regulation) Rules, 1957","","","P7-I3","Regulation 39(1); Rule 14; Regulation 39(2); Regulation 57","","","","Regulation 39(1) of IFSCA (Market Infrastructure Institutions) Regulations, 2021 and Rule 14 of the Securities Contracts (Regulation) Rules, 1957 requires that stock exchanges must keep the following books and records in an electronic retrieval form for minimum of 20 years:
(1) Minute books of the meetings of— (a) members; (b) governing body; (c) any standing committee or committees of the governing body or of the general body of members.
(2) Register of members showing their full names and addresses. Where any member of the stock exchange is a firm, full names and addresses of all partners shall be shown.
(3)Register of authorised clerks.
(4)Register of remisiers of authorised assistants.
(5)Record of security deposits.
(6)Margin deposits book.
(7)Ledgers.
(8)Journals.
(9)Cash book.
(10)Bank passbook
(11) such other records as may be specified by Authority from time to time.

Regulation 39(2) of the Regulation, every recognized clearing corporation shall maintain and preserve the following documents in electronic retrieval form (minimum period of 20 years):
(a) Minute books of the meetings of:
(i) governing board;
(ii) any committees of the governing board;
(b) Record of clearing members showing their full names, addresses and details of bank and depository accounts for settlement purposes;
(c) Transaction records;
(d) Record of security deposits;
(e) Margin deposits book;
(f) Client margin collection details;
(g) Ledgers;
(h) Journals;
(i) Cash book;
(j) Bank account statement;
(k) Such other records as may be specified by the Authority from time to time.

Additionally, regulation 57 of the Regulation, every recognized depository shall maintain the following documents in electronic retrieval form (a minimum period of 20 years):
a) records of securities dematerialised and rematerialised;
b) the names of the transferor, transferee, and the dates of transfer of securities;
c) a register and an index of beneficial owners;
d) details of the holding of the securities of beneficial owners as at the end of each day;
e) records of instructions received from and sent to participants, issuers, issuers’ agents and beneficial owners;
f) records of approval, notice, entry and cancellation of pledge or hypothecation, as the case may be;
g) details of participants;
h) details of securities declared to be eligible for dematerialisation in the depository; and
i) such other records as may be specified by the Authority from time to time.","https://www.sebi.gov.in/sebi_data/attachdocs/1399433501593.pdf","","BGK Timeframe: Since 1957 | BGK Note: Information provided by Government verification. All Regulated Entities, registered, licensed, recognized or authorized by IFSCA, are required to maintain and preserve their records for certain minimum periods as prescribed/specified under the relevant Acts/rules/regulations.","7","1","Stock exchange"
"India","International Financial Services Centres Authority (Capital Market Intermediaries) Regulations 2021","","","P7-I3","Regulation 14(1); Regulation 14(2)","","","","Regulation 14(1) of IFSCA Capital Market Intermediaries Regulation, every capital market intermediary shall maintain the following books and records in electronic retrieval form ( a minimum period of 10 years):
a) a copy of the balance sheet at the end of each accounting period;
b) a copy of profit and loss account for each accounting period;
c) a copy of the auditor’s report on the accounts for each accounting period;
d) a statement of net worth for each quarter;
e) documentation relating to compliance with AML and CFT guidelines;
f) documents relating to account opening of each client and any power of attorney or signature authority forms of the clients;
g) relevant records and documents relating to its activities in capital markets; and
h) such other books of accounts, records and documents as may be specified by the Authority from time to time.

Regulation 14(2) of the Regulations, in relation to a capital market intermediary not being a body corporate, it shall maintain the following books of accounts in electronic retrieval from a minimum peiord of 10 years, records and documents, namely, -
(a) all sums of money received and expended;
(b) its assets and liabilities;
(c) a statement of net worth for each quarter;
(d) documentation relating to compliance with AML and CFT guidelines;
(e) documents relating to account opening of each client and any power of attorney or signature authority forms of the clients;
(f) relevant records and documents relating to its activities in capital markets; and
(g) such other books of accounts, record and documents as may be specified by the Authority from time to time.","https://ifsca.gov.in/Document/Legal/ifsca-capital-market-intermediaries-regulations-2021-as-amended-up-to-july-3-202320072023040848.pdf","","BGK Timeframe: Since 2021 amended in July 2023 | BGK Note: Information provided by Government verification. All Regulated Entities, registered, licensed, recognized or authorized by IFSCA, are required to maintain and preserve their records for certain minimum periods as prescribed/specified under the relevant Acts/rules/regulations.","7","1","Banking companies and financial institutions"
"India","International Financial Services Centres Authority (Fund Management) Regulations 2022","","","P7-I3","Regulation 119(2); Regulation 119(3)","","","","Regulation 119(2) of the IFSCA (Fund Management) Regulations 2022, every Fund Management Entity shall maintain the following records for a minimum period of 10 years in electronic retrieval form:
a) a copy of the balance sheet at the end of each accounting period;
b) a copy of profit and loss account for each accounting period;
c) a copy of the auditor’s report on the accounts for each accounting period;
d) a statement of net worth for each quarter;
e) documents relating to compliance with AML and CFT guidelines;
f) documents relating to account opening of each client and any power of attorney or signature authority forms of the clients;
g) relevant records and documents relating to its activities under these regulations; and
h) such other books of accounts, records and documents as may be specified by the Authority from time to time.

Additionally, Regulation 119(3), every Fund Management Entity shall maintain the following records in electronic retrieval form (a minimum period of 5 years after the winding up of the scheme):
a) the assets under each scheme;
b) valuation policies and practices;
c) investment strategies;
d) particulars of investors and their contribution;
e) rationale for investments made.","https://ifsca.gov.in/Document/Legal/ifsca-fund-management-regulations-2022-as-amended-upto-april-11-202324042023105305.pdf","","BGK Timeframe: Since April 2022 amended in April 2023 | BGK Note: Information provided by Government verification. All Regulated Entities, registered, licensed, recognized or authorized by IFSCA, are required to maintain and preserve their records for certain minimum periods as prescribed/specified under the relevant Acts/rules/regulations.","7","1","Banking companies and financial institutions"
"India","International Financial Services Centres Authority (Maintenance of Insurance Records and Submission of Requisite Information for Investigation and Inspection) Regulations 2022","","","P7-I3","Regulation 10; Rule 39","","","","In terms of Regulation 10 of IFSCA (Maintenance of Insurance Records and Submission of Requisite Information for Investigation and Inspection) Regulations 2022, every IIO and IIIO shall maintain all records, information, data, documents, books and registers maintained under the Insurance Act, 1938, any other applicable law or the rules, regulations, guidelines, circulars or directions issued thereunder.

For a minimum period of 7 years, as prescribed under clause (8) of rule 39 of the Insurance Rules, 1939, or as per other applicable legal requirements, whichever is later.
The period shall be counted from the date –
a) of last transaction on the respective records or from the date of expiry of the policy whichever is later;
b) on which the claim is settled.”","https://ifsca.gov.in/Legal/Index?MId=gPMqPzkjcD4=","","BGK Timeframe: Since 2022 amended in January 2023 | BGK Note: Information provided by Government verification. All Regulated Entities, registered, licensed, recognized or authorized by IFSCA, are required to maintain and preserve their records for certain minimum periods as prescribed/specified under the relevant Acts/rules/regulations.","7","1","Banking companies and financial institutions"
"India","International Financial Services Centres Authority (Anti Money Laundering, Counter Terrorist-Financing and Know Your Customer) Guidelines 2022","","","P7-I3","Clause 9; Clause 10.1; Clause 9.4","","","","In terms of Clause 9 of IFSCA (Anti Money Laundering, Counter Terrorist Financing and Know Your Customer Guidelines 2022), all Regulated Entities shall maintain the following records:
(a) a copy of all documents and information obtained in undertaking initial and ongoing Customer Due Diligence;
(b) records of customer business relationships (both original and certified copies), which include: -
(i) correspondence of business and other information relating to a customer’s account;
(ii) adequate records of transactions to enable standalone transactions to be reconstructed; and
(iii) internal findings and analysis relating to a business transaction or other transactions, where the transaction or business may be unusual or suspicious, whether or not it results in a Suspicious Transactions Report;
(c) notifications made under Clause 10.1.(b) of the Guidelines [Policies, procedures, systems and controls, put up in place by the Regulated Entities, which ensure that whenever any of its employee, acting in the ordinary course of his employment, either:
(i) knows;
(ii) suspects; or
(iii) has reasonable grounds for knowing or suspecting; that a person is engaged in or attempting ML/TF, that employee promptly notifies the Principal Officer of the Regulated Entity with all relevant details].;
(d) Suspicious Transactions Reports and any relevant supporting documents and information, including internal findings and analysis;
(e) any relevant communications, if made with the FIU;
(f) all the risk assessment documents referred to in Clause 9.4 of the Guidelines; and
(g) any other matter that the Regulated Entity may be expressly required to record and maintain, under these Guidelines.

For a minimum period of 6 years at least six years or for such period as prescribed under the applicable laws, from the date on which business relationship has ended or transaction is completed.","https://ifsca.gov.in/Viewer?Path=Document%2FLegal%2Fifsca-aml-cft-kyc-guidelines-202229052023021818.pdf&Title=IFSCA%20%28Anti%20Money%20Laundering%2C%20Counter%20Terrorist-Financing%20and%20Know%20Your%20Customer%29%20Guidelines%2C%202022&Date=01%2F11%2F2022","","BGK Timeframe: Since November 2022 | BGK Note: Information provided by Government verification. All Regulated Entities, registered, licensed, recognized or authorized by IFSCA, are required to maintain and preserve their records for certain minimum periods as prescribed/specified under the relevant Acts/rules/regulations.","7","1","Banking companies and financial institutions"
"India","International Financial Services Centres Authority Banking Handbook on Conduct of Business Directions 2023","","","P7-I3","Clause 6; Clause 7; Clause 3; Clause 9; Clause 4","","","","Module No.3 (clause 6) of the Banking Handbook:
Banks shall keep records of:
(a) the procedures which it has followed under this module including any documents that evidence the Client’s classification; and
(b) any notification sent to the Client under module, together with evidence of dispatch.
At least seven years from the date on which the business relationship with a client ended or for such period as may be required by any law, whichever is longer.

Module No.4 (clause 7) of the Banking Handbook:
An Authorised Promoter must keep a record of all Communications with clients Financial Promotion that it makes or approves.
The record must include at least the following detail:
(a) the name of the senior Employee who reviewed the Financial Promotion;
(b) the date the Financial Promotion was made or approved;
(c) if the Financial Promotion was in writing, a copy of the Financial Promotion; and
(d) if the Financial Promotion was not in writing, details of the Financial Promotion and its outcome, including a note stating if the Client requested the termination of a real time Financial Promotion.
The Authorised Promoter must keep the records for at least 7 years after the Financial Promotion is no longer made or for such period as may be required by any law, whichever is longer.

Module No.6 (clause 3) of the Banking Handbook:
The Banks should retain a copy of the client agreement for a period of seven years from the date on which the relationship with the relevant Client has ended or for such period as may be required by any law, whichever is longer.

Module No.8 (clause 9) of the Banking Handbook:
The Banks shall maintain record of inducements disclosed to the clients for a period of seven years after such inducement was disclosed.

Module No. 10 (clause 4) of the Banking Handbook:
The Banks must maintain a record of all complaints made against it. Note: the records should contain the name of the complainant, the substance of the complaint, a record of the BU’s response, and any other relevant correspondence or records, and the action taken by the IBU to resolve each complaint. A minimum period of seven years from the date of receipt of a complaint or the period mandated by any law, whichever is longer.

Module No.13 of the Banking Handbook:
An IFSC Covered Entity should ensure that all relevant books, and all transaction information and related information are kept –
(a) in the case of any relevant book, until at least five years after the last date of the expiry or termination of a contract, an agreement or a transaction to which the book relates;
(b) in the case of any transaction information or related information until at least five years after the
date of the expiry or termination of the contract, agreement or transaction to which the information relates.","https://ifsca.gov.in/Document/Legal/the-ifsca-banking-handbook-conduct-of-business-directions13082021060337.pdf","","BGK Timeframe: Since July 2023 | BGK Note: Information provided by Government verification. All Regulated Entities, registered, licensed, recognized or authorized by IFSCA, are required to maintain and preserve their records for certain minimum periods as prescribed/specified under the relevant Acts/rules/regulations.","7","1","Banking companies and financial institutions"
"India","Companies Act No.18 2013","","2020","P7-I3","Section 128(5)","","","","Every company shall prepare and keep at its registered office books of account and other relevant books and papers and financial statement for every financial year which give a true and fair view of the state of affairs of the company. Such records are required to be maintained for a period of not less than 8 financial years [section 128(5)].","http://www.mca.gov.in/Ministry/pdf/General_Circular_25_2014.pdf","","BGK Timeframe: Since August 2013, last amended in 2020 | BGK Note: Information provided by Government verification. All Regulated Entities, registered, licensed, recognized or authorized by IFSCA, are required to maintain and preserve their records for certain minimum periods as prescribed/specified under the relevant Acts/rules/regulations.","7","1","Banking companies and financial institutions"
"India","Government of India, Ministry of Corporate Affairs, Companies (Management and Administration) Rules 2014","","","P7-I3","Section 92","","","","(a) Copies of all annual returns prepared under section 92 of the Companies Act and copies of all certificates and documents required to be annexed thereto
(b) The register of members along with the index
(c) The register of debenture holders or any other security holders along with the index
(d) The foreign register of members
(e) Foreign register of debenture holders or any other security holders.

(a) shall be preserved for a period of 8 years from the date of filing with the Registrar.
(b) shall be preserved permanently
(c) shall be preserved for a period of eight years from the date of redemption of debentures or securities, as the case may be.
(d) shall be preserved permanently unless it is discontinued and all the entries are transferred to any other foreign register or to the principal register
(e) shall be preserved for a period of eight years from the date of redemption of such debentures or securities.","https://thc.nic.in/Central%20Governmental%20Rules/Companies%20(Management%20and%20Administration)%20Rules","","BGK Timeframe: Since March 2014 | BGK Note: Information provided by Government verification. All Regulated Entities, registered, licensed, recognized or authorized by IFSCA, are required to maintain and preserve their records for certain minimum periods as prescribed/specified under the relevant Acts/rules/regulations.

Rule 15 Preservation of Register of Members etc. and Annual Return

(1) The register of members along with the index shall be preserved permanently and shall be kept in the custody of the company secretary of the company or any other person authorized by the Board for such purpose; and

(2) The register of debenture holders or any other security holders along with the index shall be preserved for a period of eight years from the date of redemption of debentures or securities, as the case may be, and shall be kept in the custody of the company secretary of the company or any other person authorized by the Board for such purpose.

(3) Copies of all annual returns prepared under section 92 and copies of all certificates and documents required to be annexed thereto shall be preserved for a period of eight years from the date of filing with the Registrar.

(4) The foreign register of members shall be preserved permanently, unless it is discontinued and all the entries are transferred to any other foreign register or to the principal register. Foreign register of debenture holders or any other security holders shall be preserved for a period of eight years from the date of redemption of such debentures or securities.

Rule 16 Copies of the Registers and Annual Return

Copies of the registers maintained under section 88 or entries therein and annual return filed under section 92 shall be furnished to any member, debenture-holder, other security holder or beneficial owner of the company or any other person on payment of such fee as may be specified in the Articles of Association of the company but not exceeding rupees ten for each page and such copy shall be supplied by the company within a period of seven days from the date of deposit of fee to the company.","7","1","Banking companies and financial institutions"
"India","Information Technology (Intermediary Guidelines and Digital Media Ethics Code) Rules 2021","","April 2023","P7-I4","Rule 4","","","","Under the Information Technology Rules of 2021, a ""significant"" social media intermediary (defined as a social media intermediary having number of registered users in India above 5,000,000) must appoint a Chief Compliance Officer who must ensure compliance with the Rules and will be liable in any proceedings relating to any relevant third-party information, data or communication link made available or hosted by that intermediary where he/she fails to ensure that such intermediary observes due diligence while discharging its duties under the Rules (Rule 4 Additional due diligence to be observed by significant social media intermediary and online gaming intermediary).","https://www.meity.gov.in/writereaddata/files/Information%20Technology%20%28Intermediary%20Guidelines%20and%20Digital%20Media%20Ethics%20Code%29%20Rules%2C%202021%20%28updated%2006.04.2023%29-.pdf","","BGK Timeframe: Since February 2021, last amended in April 2023","7","0","Significant social media intermediaries"
"India","Digital Personal Data Protection Act No. 22 2023","","","P7-I4","Article 10","","","","Article 10 (Additional obligations of significant data fiduciary) of the Act states that the Significant Data Fiduciary shall appoint a Data Protection Officer who shall— (i) represent the Significant Data Fiduciary under the provisions of this Act; and (ii) be based in India;  (iii) be an individual responsible to the Board of Directors or similar governing body of the Significant Data Fiduciary; and (iv) be the point of contact for the grievance redressal mechanism under the provisions of this Act.

Article 10 of the Act also states that the Significant Data Fiduciary shall periodic Data Protection Impact Assessment, which shall be a process comprising a description of the rights of Data Principals and the purpose of processing of their personal data, assessment and management of the risk to the rights of the Data Principals, and such other matters regarding such process as may be prescribed;","https://www.meity.gov.in/writereaddata/files/Digital%20Personal%20Data%20Protection%20Act%202023.pdf","","BGK Timeframe: Since August 2023","7","1","Horizontal"
"India","Government of India, Ministry of Communications and IT, License Agreement for Provision of Internet Services","","","P7-I5","","","","","Related Conditions of UL Agreement:
1. CHAPTER-VI Security Conditions
39.18 The complete list of subscribers shall be made available by the Licensee on their website (having password-controlled access), so that designated Security Agencies are able to obtain the subscriber list at any time, as per their convenience with the help of the password. The list should be updated on regular basis. Hard copy as and when required by security agencies shall also be furnished.

39.20 The licensee shall maintain all commercial records/ Call Detail Record (CDR)/ Exchange Detail Record (EDR)/ IP Detail Record (IPDR) with regard to the communications exchanged on the network. Such records shall be archived for at least two years for scrutiny by the Licensor for security reasons and may be destroyed thereafter unless directed otherwise by the Licensor. Licensor may issue directions /instructions from time to time with respect to commercial records /CDR/IPDR/EDR.

2. CHAPTER-IX Internet services
7. Security Conditions:
7.1 The Licensee shall maintain CDR/IPDR for Internet including Internet Telephony Service for a minimum period of two years. Parameters of IPDR shall be maintained as per the directions/instructions issued by the Licensor from time to time.
7.2 The Licensee shall maintain log-in/log-out details of all subscribers for services provided such as internet access, email, Internet Telephony, IPTV etc. These logs shall be maintained for a minimum period of two years.
7.3 For the purpose of interception and monitoring of traffic, the copies of all the packets originating from / terminating into the Customer Premises Equipment (CPE) shall be made available to the Licensor/Security Agencies.
7.6 The licensee shall provide a watchdog terminal with access limited to unfiltered CDR/IPDR file to the Licensor/ Designated Security Agencies.

8. Monitoring Facilities:
8.1.1 Lawful Interception and Monitoring (LIM) systems of requisite capacities are to be set up by licensees for Internet traffic including Internet telephony traffic through their Internet gateways and /or Internet nodes at their own cost, as per the requirement of the security agencies/Licensor prescribed from time to time. The cost of maintenance of the monitoring equipment and infrastructure at the monitoring centre located at the premises of the licensee shall be borne by the Licensee.","http://cis-india.org/internet-governance/blog/data-retention-in-india#fn8","","BGK Timeframe: Since 2002 | BGK Note: Department of Telecommunications, Ministry of Communications & IT, Government of India, “License Agreement for Provision of Internet Services” -->
Related Conditions of UL Agreement:
1. CHAPTER-VI SECURITY CONDITIONS

39.18 The complete list of subscribers shall be made available by the Licensee on their website (having password-controlled access), so that designated Security Agencies are able to obtain the subscriber list at any time, as per their convenience with the help of the password. The list should be updated on regular basis. Hard copy as and when required by security agencies shall also be furnished.

39.20 The Licensee shall maintain all commercial records/ Call Detail Record (CDR)/ Exchange Detail Record (EDR)/ IP Detail Record (IPDR) with regard to the communications exchanged on the network. Such records shall be archived for at least two years for scrutiny by the Licensor for security reasons and may be destroyed thereafter unless directed otherwise by the Licensor. Licensor may issue directions /instructions from time to time with respect to commercial records /CDR/IPDR/EDR.

2. CHAPTER-IX INTERNET SERVICE
7. Security Conditions:
7.1 The Licensee shall maintain CDR/IPDR for Internet including Internet Telephony Service for a minimum period of two years. Parameters of IPDR shall be maintained as per the directions/instructions issued by the Licensor from time to time.
7.2 The Licensee shall maintain log-in/log-out details of all subscribers for services provided such as internet access, email, Internet Telephony, IPTV etc. These logs shall be maintained for a minimum period of two years.
7.3 For the purpose of interception and monitoring of traffic, the copies of all the packets originating from / terminating into the Customer Premises Equipment (CPE) shall be made available to the Licensor/Security Agencies.
7.6 The LICENSEE shall provide a watchdog terminal with access limited to unfiltered CDR/IPDR file to the Licensor/ Designated Security Agencies.

8. Monitoring Facilities:
8.1.1 Lawful Interception and Monitoring (LIM) systems of requisite capacities are to be set up by LICENSEEs for Internet traffic including Internet telephony traffic through their Internet gateways and /or Internet nodes at their own cost, as per the requirement of the security agencies/Licensor prescribed from time to time. The cost of maintenance of the monitoring equipment and infrastructure at the monitoring centre located at the premises of the licensee shall be borne by the Licensee.

Department of Telecommunications, Ministry of Communications & IT, Government of India, ""License Agreement for Provision of Unified Access Services after Migration from CMTS""
The personal data is not accessed without proper authority/ sanction.","7","1","Internet Service Providers"
"India","Government of India, Ministry of Communications and IT, License Agreement for Provision of Unified Access Services after Migration from CMTS","","","P7-I5","","","","","Related Conditions of UL Agreement:
1. CHAPTER-VI Security Conditions
39.18 The complete list of subscribers shall be made available by the Licensee on their website (having password-controlled access), so that designated Security Agencies are able to obtain the subscriber list at any time, as per their convenience with the help of the password. The list should be updated on regular basis. Hard copy as and when required by security agencies shall also be furnished.

39.20 The licensee shall maintain all commercial records/ Call Detail Record (CDR)/ Exchange Detail Record (EDR)/ IP Detail Record (IPDR) with regard to the communications exchanged on the network. Such records shall be archived for at least two years for scrutiny by the Licensor for security reasons and may be destroyed thereafter unless directed otherwise by the Licensor. Licensor may issue directions /instructions from time to time with respect to commercial records /CDR/IPDR/EDR.

2. CHAPTER-IX Internet services
7. Security Conditions:
7.1 The Licensee shall maintain CDR/IPDR for Internet including Internet Telephony Service for a minimum period of two years. Parameters of IPDR shall be maintained as per the directions/instructions issued by the Licensor from time to time.
7.2 The Licensee shall maintain log-in/log-out details of all subscribers for services provided such as internet access, email, Internet Telephony, IPTV etc. These logs shall be maintained for a minimum period of two years.
7.3 For the purpose of interception and monitoring of traffic, the copies of all the packets originating from / terminating into the Customer Premises Equipment (CPE) shall be made available to the Licensor/Security Agencies.
7.6 The licensee shall provide a watchdog terminal with access limited to unfiltered CDR/IPDR file to the Licensor/ Designated Security Agencies.

8. Monitoring Facilities:
8.1.1 Lawful Interception and Monitoring (LIM) systems of requisite capacities are to be set up by licensees for Internet traffic including Internet telephony traffic through their Internet gateways and /or Internet nodes at their own cost, as per the requirement of the security agencies/Licensor prescribed from time to time. The cost of maintenance of the monitoring equipment and infrastructure at the monitoring centre located at the premises of the licensee shall be borne by the Licensee.","https://dot.gov.in/sites/default/files/UAS%20license-agreement-19-12-2007.pdf?download=1","","BGK Timeframe: Since 2009 | BGK Note: Department of Telecommunications, Ministry of Communications & IT, Government of India, “License Agreement for Provision of Internet Services” -->
Related Conditions of UL Agreement:
1. CHAPTER-VI SECURITY CONDITIONS

39.18 The complete list of subscribers shall be made available by the Licensee on their website (having password-controlled access), so that designated Security Agencies are able to obtain the subscriber list at any time, as per their convenience with the help of the password. The list should be updated on regular basis. Hard copy as and when required by security agencies shall also be furnished.

39.20 The Licensee shall maintain all commercial records/ Call Detail Record (CDR)/ Exchange Detail Record (EDR)/ IP Detail Record (IPDR) with regard to the communications exchanged on the network. Such records shall be archived for at least two years for scrutiny by the Licensor for security reasons and may be destroyed thereafter unless directed otherwise by the Licensor. Licensor may issue directions /instructions from time to time with respect to commercial records /CDR/IPDR/EDR.

2. CHAPTER-IX INTERNET SERVICE
7. Security Conditions:
7.1 The Licensee shall maintain CDR/IPDR for Internet including Internet Telephony Service for a minimum period of two years. Parameters of IPDR shall be maintained as per the directions/instructions issued by the Licensor from time to time.
7.2 The Licensee shall maintain log-in/log-out details of all subscribers for services provided such as internet access, email, Internet Telephony, IPTV etc. These logs shall be maintained for a minimum period of two years.
7.3 For the purpose of interception and monitoring of traffic, the copies of all the packets originating from / terminating into the Customer Premises Equipment (CPE) shall be made available to the Licensor/Security Agencies.
7.6 The LICENSEE shall provide a watchdog terminal with access limited to unfiltered CDR/IPDR file to the Licensor/ Designated Security Agencies.

8. Monitoring Facilities:
8.1.1 Lawful Interception and Monitoring (LIM) systems of requisite capacities are to be set up by LICENSEEs for Internet traffic including Internet telephony traffic through their Internet gateways and /or Internet nodes at their own cost, as per the requirement of the security agencies/Licensor prescribed from time to time. The cost of maintenance of the monitoring equipment and infrastructure at the monitoring centre located at the premises of the licensee shall be borne by the Licensee.

Department of Telecommunications, Ministry of Communications & IT, Government of India, ""License Agreement for Provision of Unified Access Services after Migration from CMTS""
The personal data is not accessed without proper authority/ sanction.","7","1","Internet Service Providers"
"India","Government of India, Ministry of Communications and IT, License Agreement for the Provision of Basic Telephone Services","","","P7-I5","","","","","Related Conditions of UL Agreement:
1. CHAPTER-VI Security Conditions
39.18 The complete list of subscribers shall be made available by the Licensee on their website (having password-controlled access), so that designated Security Agencies are able to obtain the subscriber list at any time, as per their convenience with the help of the password. The list should be updated on regular basis. Hard copy as and when required by security agencies shall also be furnished.

39.20 The licensee shall maintain all commercial records/ Call Detail Record (CDR)/ Exchange Detail Record (EDR)/ IP Detail Record (IPDR) with regard to the communications exchanged on the network. Such records shall be archived for at least two years for scrutiny by the Licensor for security reasons and may be destroyed thereafter unless directed otherwise by the Licensor. Licensor may issue directions /instructions from time to time with respect to commercial records /CDR/IPDR/EDR.

2. CHAPTER-IX Internet services
7. Security Conditions:
7.1 The Licensee shall maintain CDR/IPDR for Internet including Internet Telephony Service for a minimum period of two years. Parameters of IPDR shall be maintained as per the directions/instructions issued by the Licensor from time to time.
7.2 The Licensee shall maintain log-in/log-out details of all subscribers for services provided such as internet access, email, Internet Telephony, IPTV etc. These logs shall be maintained for a minimum period of two years.
7.3 For the purpose of interception and monitoring of traffic, the copies of all the packets originating from / terminating into the Customer Premises Equipment (CPE) shall be made available to the Licensor/Security Agencies.
7.6 The licensee shall provide a watchdog terminal with access limited to unfiltered CDR/IPDR file to the Licensor/ Designated Security Agencies.

8. Monitoring Facilities:
8.1.1 Lawful Interception and Monitoring (LIM) systems of requisite capacities are to be set up by licensees for Internet traffic including Internet telephony traffic through their Internet gateways and /or Internet nodes at their own cost, as per the requirement of the security agencies/Licensor prescribed from time to time. The cost of maintenance of the monitoring equipment and infrastructure at the monitoring centre located at the premises of the licensee shall be borne by the Licensee.","https://www.saras.gov.in/main/License%20Agreement/Unified%20Licence.pdf","","BGK Timeframe: Last reviewed in December 2024 | BGK Note: Department of Telecommunications, Ministry of Communications & IT, Government of India, “License Agreement for Provision of Internet Services” -->
Related Conditions of UL Agreement:
1. CHAPTER-VI SECURITY CONDITIONS

39.18 The complete list of subscribers shall be made available by the Licensee on their website (having password-controlled access), so that designated Security Agencies are able to obtain the subscriber list at any time, as per their convenience with the help of the password. The list should be updated on regular basis. Hard copy as and when required by security agencies shall also be furnished.

39.20 The Licensee shall maintain all commercial records/ Call Detail Record (CDR)/ Exchange Detail Record (EDR)/ IP Detail Record (IPDR) with regard to the communications exchanged on the network. Such records shall be archived for at least two years for scrutiny by the Licensor for security reasons and may be destroyed thereafter unless directed otherwise by the Licensor. Licensor may issue directions /instructions from time to time with respect to commercial records /CDR/IPDR/EDR.

2. CHAPTER-IX INTERNET SERVICE
7. Security Conditions:
7.1 The Licensee shall maintain CDR/IPDR for Internet including Internet Telephony Service for a minimum period of two years. Parameters of IPDR shall be maintained as per the directions/instructions issued by the Licensor from time to time.
7.2 The Licensee shall maintain log-in/log-out details of all subscribers for services provided such as internet access, email, Internet Telephony, IPTV etc. These logs shall be maintained for a minimum period of two years.
7.3 For the purpose of interception and monitoring of traffic, the copies of all the packets originating from / terminating into the Customer Premises Equipment (CPE) shall be made available to the Licensor/Security Agencies.
7.6 The LICENSEE shall provide a watchdog terminal with access limited to unfiltered CDR/IPDR file to the Licensor/ Designated Security Agencies.

8. Monitoring Facilities:
8.1.1 Lawful Interception and Monitoring (LIM) systems of requisite capacities are to be set up by LICENSEEs for Internet traffic including Internet telephony traffic through their Internet gateways and /or Internet nodes at their own cost, as per the requirement of the security agencies/Licensor prescribed from time to time. The cost of maintenance of the monitoring equipment and infrastructure at the monitoring centre located at the premises of the licensee shall be borne by the Licensee.

Department of Telecommunications, Ministry of Communications & IT, Government of India, ""License Agreement for Provision of Unified Access Services after Migration from CMTS""
The personal data is not accessed without proper authority/ sanction.","7","1","Internet Service Providers"
"India","Information Technology Act No.21 2000","","2008","P7-I5","Section 69; Section 69A; Section 69B","","","","Section 69 (Power to issue directions for interception or monitoring or decryption of any information through
any computer resource) of the Information Technology Act 2000, as amended by the Information Technology (Amendment) Act 2008, gives the central and state governments the power to direct any agency to intercept, monitor or decrypt, or cause to be intercepted, monitored or decrypted any information transmitted, received or stored through any computer resources. The government must be satisfied that this is necessary in the interest of the sovereignty, security or defense of India. The government may require any subscriber or intermediary or any person in charge of the computer resource to extend all facilities and technical assistance necessary to decrypt the information.

(Note: Section 69A provides power to issue directions for blocking for public access of any information through any
computer resource, and Section 69B provides power to authorise to monitor and collect traffic data or information through any computer
resource for cyber security).","https://eprocure.gov.in/cppp/rulesandprocs/kbadqkdlcswfjdelrquehwuxcfmijmuixngudufgbuubgubfugbububjxcgfvsbdihbgfGhdfgFHytyhRtMTk4NzY=; https://www.gp-digital.org/world-map-of-encryption/","","BGK Timeframe: Since December 2000, last amended in 2008","7","1","Horizontal"
"India","Information Technology (Procedure and Safeguards for Interception, Monitoring and Decryption of Information) Rules 2009","","","P7-I5","","","","","The Rules provide that the officer so designated by the Central Government under the Rules (known as 'Designated Officer') can on the receipt of request from any nodal officer of a government organisation or a competent court or by an order of any agency of the government can block access by the public to any information transmitted, received, stored or hosted in any computer resource. The request will be examined by a committee consisting of the designated officer and its chairperson and representatives, who shall determine if the information must be blocked.","https://www.meity.gov.in/writereaddata/files/Information%20Technology%20%28Procedure%20and%20Safeguards%20for%20Interception%2C%20Monitoring%20and%20Decryption%20of%20Information%29%20Rules%2C%202009.pdf; https://cis-india.org/internet-governance/resources/information-technology-procedure-and-safeguards-for-blocking-for-access-of-information-by-public-rules-2009","","BGK Timeframe: Since 2009","7","0","Intermediaries"
"India","The Telecommunications Act No. 44 2023","","","P7-I3","Article 20(2)","","","","Article 20(2):

On the occurrence of any public emergency or in the interest of public safety, the Central Government or a State Government or any officer specially authorised in this behalf by the Central Government or a State Government, may, if satisfied that it is necessary or expedient so to do, in the interest of the sovereignty and integrity of India, defence and security of the State, friendly relations with foreign States, public order, or for preventing incitement to the commission of any offence, subject to such procedure and safeguards as may be prescribed, and for reasons to be recorded in writing, by order—

(a) direct that any message or class of messages, to or from any person or class of persons, to or from any telecommunication equipment or class of telecommunication equipment, or relating to any particular subject, brought for transmission by, or transmitted or received by any telecommunication service or telecommunication network, shall not be transmitted, or shall be intercepted or detained, or shall be disclosed in intelligible format to the officer mentioned in such order","https://dot.gov.in/sites/default/files/Telecommunications%20Act%202023_1.pdf?download=1","","BGK Timeframe: Since December 2023","7","1","Telecommunication Sector"
"India","Digital Personal Data Protection Act No. 22 2023","","","P7-I5","Article 17; Article 12","","","","The Digital Personal Data Protection Bill, 2023 under special provisions in Chapter IV Article 17 (2) (a) gives the government powers to exempt state agencies from the law: by such instrumentality of the State as the Central Government may notify, in the interests of sovereignty and integrity of India, security of the State, friendly relations with foreign States, maintenance of public order or preventing incitement to any cognizable offence relating to any of these, and the processing by the Central Government of any personal data that such instrumentality may furnish to it.

Morever, the Bill gives users the right to correct or erase their personal data (Article 12 Right to correction and erasure of personal data).","https://www.meity.gov.in/writereaddata/files/Digital%20Personal%20Data%20Protection%20Act%202023.pdf","","BGK Timeframe: Since August 2023","7","1","Horizontal"
"Mongolia","Law on Personal Data Protection","","","P6-I1","","","","","In general, there is no ban or local processing requirements in Mongolia.","https://legalinfo.mn/mn/detail?lawId=16390288615991","","BGK Timeframe: Since December 2021 | BGK Note: https://www.pwc.com/mn/en/tax_alerts/pdf/tax_alert_en_02_2022.pdf","6","0","Horizontal"
"Mongolia","Law on Personal Data Protection","","","P6-I2","Article 20.2","","","","There is no explicit data local storage requirement.

The Ministry shall establish the requirements for data security, evaluation guidance, and storage technology requirements for data collection, processing, and use (Article 20.2 of the Law on Personal Data Protection). However, so far no approved regulation that provides detailed procedures in this regard is observed.","https://legalinfo.mn/mn/detail?lawId=16390288615991","","BGK Timeframe: Since December 2021 | BGK Note: https://www.dataguidance.com/notes/mongolia-data-protection-overview

https://www.pwc.com/mn/en/tax_alerts/pdf/tax_alert_en_02_2022.pdf","6","0","Horizontal"
"Mongolia","Law on Personal Data Protection","","","P6-I3","","","","","Law on Protection of Personal Information does not mandate infrastructure requirement. Moreover, following Article 18.6 of the Law on Transparency of Public Information, enacted by the Parliament in 2021, it is mandatory for the data controller's system to fully adhere to the government's communication and information technology guidelines and security standards. There is no requirement for the location of the information processing server.","https://legalinfo.mn/mn/detail?lawId=16390263044601","","BGK Timeframe: Since December 2021 | BGK Note: Under Article 20 of the Law on Protection of Personal Information approved by the State Parliament in 2021, Data Controller must: 1. Establish internal procedures to safeguard the security of individuals' data and apply these procedures in their operations. 2. Outline measures to be taken for data loss, including plans to inform the data owner and relevant government agencies as per the law. 3. Commit to taking all necessary measures to ensure the integrity, confidentiality, and accessibility of the information system for collecting, processing, and using data. 4. Implement procedures and guidelines to restrict the use, deletion, and anonymization of information to ensure the security of data processing operations.

As per Article 6.2 of the Law on Transparency of Public Information passed by the Parliament in 2021, the data controller must gather, process, utilize, manage, arrange, and guarantee the security of the information. It must also take other necessary measures within the scope of its functions as specified in the law. According to Article 18.6 of the law, the data controller's system must adhere to the government's communication and information technology guidelines and security standards. There is no requirement for the location of the information processing server.","6","0","Horizontal"
"Mongolia","Law on Transparency of Public Information","","","P6-I3","Article 18.6","","","","Law on Protection of Personal Information does not mandate infrastructure requirement. Moreover, following Article 18.6 of the Law on Transparency of Public Information, enacted by the Parliament in 2021, it is mandatory for the data controller's system to fully adhere to the government's communication and information technology guidelines and security standards. There is no requirement for the location of the information processing server.","https://cyrilla.org/ar/entity/2fjjbnthnfn?file=17285610686432leq4ycemtg.pdf","","BGK Timeframe: Since December 2021 | BGK Note: Under Article 20 of the Law on Protection of Personal Information approved by the State Parliament in 2021, Data Controller must: 1. Establish internal procedures to safeguard the security of individuals' data and apply these procedures in their operations. 2. Outline measures to be taken for data loss, including plans to inform the data owner and relevant government agencies as per the law. 3. Commit to taking all necessary measures to ensure the integrity, confidentiality, and accessibility of the information system for collecting, processing, and using data. 4. Implement procedures and guidelines to restrict the use, deletion, and anonymization of information to ensure the security of data processing operations.

As per Article 6.2 of the Law on Transparency of Public Information passed by the Parliament in 2021, the data controller must gather, process, utilize, manage, arrange, and guarantee the security of the information. It must also take other necessary measures within the scope of its functions as specified in the law. According to Article 18.6 of the law, the data controller's system must adhere to the government's communication and information technology guidelines and security standards. There is no requirement for the location of the information processing server.","6","0","Horizontal"
"Mongolia","Attachment to the Order of the Minister of Electronic Development and Communications No. A/90 on Regulation on Technical Requirements for Processing Sensitive, Biometric, and Genetic Data","","","P6-I3","Article 3; Article 3.2; Section 3.3; Article 1","","","","Article 3 (Technological safety requirements) of the ""Regulation on Technical Requirements for Processing Sensitive, Biometric, and Genetic Data"" sets out the requirements for servers processing sensitive personal information. Among other stipulations, it mandates that the server must be physically located within the territory of Mongolia and must be accessible exclusively from within Mongolia.

Specifically, Article 3.2. The data processing server must meet the following requirements:
3.2.1. Be located in the territory of Mongolia;
3.2.2. be accessible only from Mongolia;
3.2.3. The server must be located in a dedicated technical room;
3.2.4. Ability to increase server capacity if necessary;
3.2.5. Ability to exchange information through the ""KUR"" state information exchange system;
3.2.6. Be connected to the network time server of the Communications Regulatory Commission;
3.2.7. The information exchange system must be protected by an ""SSL"" certificate;
3.2.8. Regularly back up information systems.
Moreover, Section 3.3. The data processor shall have a firewall system that regularly monitors incoming and outgoing network traffic and blocks suspicious activity and access in order to ensure network security.

Pursuant to Article 1, the objective of this Regulation is to establish the principles and technological security requirements governing the processing of sensitive personal data, as well as genetic and biometric data, as stipulated in Articles 9 and 10 of the Law on the Protection of Personal Data.","https://web.archive.org/web/20250301225053/https://legalinfo.mn/mn/detail?lawId=16760452348261","","BGK Timeframe: Since September 2023","6","1",""
"Mongolia","Law on Personal Data Protection","","","P6-I3","Article 9; Article 10","","","","Article 3 (Technological safety requirements) of the ""Regulation on Technical Requirements for Processing Sensitive, Biometric, and Genetic Data"" sets out the requirements for servers processing sensitive personal information. Among other stipulations, it mandates that the server must be physically located within the territory of Mongolia and must be accessible exclusively from within Mongolia.

Specifically, Article 3.2. The data processing server must meet the following requirements:
3.2.1. Be located in the territory of Mongolia;
3.2.2. be accessible only from Mongolia;
3.2.3. The server must be located in a dedicated technical room;
3.2.4. Ability to increase server capacity if necessary;
3.2.5. Ability to exchange information through the ""KUR"" state information exchange system;
3.2.6. Be connected to the network time server of the Communications Regulatory Commission;
3.2.7. The information exchange system must be protected by an ""SSL"" certificate;
3.2.8. Regularly back up information systems.
Moreover, Section 3.3. The data processor shall have a firewall system that regularly monitors incoming and outgoing network traffic and blocks suspicious activity and access in order to ensure network security.

Pursuant to Article 1, the objective of this Regulation is to establish the principles and technological security requirements governing the processing of sensitive personal data, as well as genetic and biometric data, as stipulated in Articles 9 and 10 of the Law on the Protection of Personal Data.","https://web.archive.org/web/20250301225053/https://legalinfo.mn/mn/detail?lawId=16760452348261","","BGK Timeframe: Since December 2021","6","1",""
"Mongolia","Law on Personal Data Protection","","","P6-I4","Article 14.1","","","","Article 14.1 of the Law on Protection of Personal Information prohibits the provide personal information through individuals, legal entities, or international organizations in foreign countries, except as provided by Mongolian law and international agreements, or unless the information owner has given permission.","https://legalinfo.mn/mn/detail?lawId=16390288615991","","BGK Timeframe: Since December 2021 | BGK Note: Article 14. Transfer of information to persons, legal entities and international organizations in foreign countries","6","1","Horizontal"
"Mongolia","Law on Personal Data Protection","","","P7-I1","","","","","Mongolia Law on Personal Data Protection, a comprehensive data protection legal framework, came into effect and full force from 1 May 2022.","https://legalinfo.mn/mn/detail?lawId=16390288615991","","BGK Timeframe: Since December 2021","7","0","Horizontal"
"Mongolia","Law on Cybersecurity","","","P7-I2","Article 13","","","","The purpose of this law is to regulate relations pertaining to establishing the system, principles, and legal framework in ensuring cyber security, and ensuring the safety, confidentiality, and accessibility of information within cyberspace and cyber environments.

Under Article 13 (Scope of application of the law),this law applies to relations of coordinating, facilitating, and monitoring relations between the State, inpiduals, and legal persons in ensuring cyber security. Unless otherwise stipulated in the law, this law shall apply indiscriminately to foreign citizens, stateless persons, and foreign or foreign-invested legal persons operating through the information systems and information networks of Mongolia.","https://legalinfo.mn/en/edtl/16531350476261","","BGK Timeframe: Since December 2021","7","0","Horizontal"
"Mongolia","Law on Personal Data Protection","","","P7-I3","Article 20.1.5; Article 20","","","","Mongolia does include explict requirements to appoint a Data Protection Officer (DPO). However, the requirements to conduct Data Protection Impact Assessments (DPIAs) exists under Article 20.1.5.

According to Article 20 Measures to ensure information security, data controller and the data processor specified shall ensure data security by the following measures, including 20.1.1 implementing internal procedures to ensure information security in accordance with the requirements, as well as 20.1.5 conduct assessments to ensure the security of information processing operations.","https://legalinfo.mn/mn/detail?lawId=16390288615991","","BGK Timeframe: Since December 2021 | BGK Note: While no specific minimum retention period is set, Article 15 of the Law establishes the conditions under which data deletion may occur, reflecting the principles of the right to be forgotten. Under this provision, a data controller may delete the data only on the following events, including:

- at the request of the data subject if the data has not been collected, processed, or used in accordance with the laws;
- the data controller has been obliged to delete data per the court judgment and Mongolian international treaties;
- the purpose, for which data has been collected has been achieved for data other than data that has been collected or processed under the law, as specified in the contract, or as mutually agreed upon; or
- other grounds, as specified in the laws.

Furthermore, unless otherwise provided by law, data erasure shall be prohibited.","7","1","Horizontal"
"Mongolia","Law of Mongolia on Communications","","December 2019","P7-I3","Article 25.2.4","","","","Article 25.2.4 of the Communications Law provides that data and data must be kept safe by the licensed entity.","https://legalinfo.mn/mn/detail/523","","BGK Timeframe: Since October 2001, last amended in December 2019 | BGK Note: https://www.dataguidance.com/notes/mongolia-data-protection-overview","7","0","Telecommunication sector"
"Mongolia","Law on Personal Data Protection","","","P7-I4","Article 22.1; Article 22.2; Article 4.1.3; Article 22.4; Article 20.1.5","","","","Mongolia does not mandate DPO or DPIA requirement.

Article 22.1 of the Law on the Protection of Personal Information explicitly requires the data processor to immediately report any breach during data collection and processing to the data controller. As stipulated in Article 22.2, should the breach impact the rights and legal interests of the data owner, the data controller must promptly notify the data owner. Article 4.1.3 of the law defines ""promptly"" within a short, reasonable period. The data owner is empowered, following Article 22.4, to file a complaint with the relevant authorities if they believe their rights and legal interests have been violated, as elaborated in Article 22.2 of this law. Moreover, the data controller and data processor shall conduct a risk assessment to ensure the security of data processing operations (Article 20.1.5).","https://legalinfo.mn/mn/detail?lawId=16390288615991","","BGK Timeframe: Since December 2021 | BGK Note: Article 20.1 is a general security risk assessment obligation, which may include DPIA-like activities, especially for high-risk processing, but it is not a full DPIA requirement unless clarified elsewhere in the law.","7","0","Horizontal"
"Mongolia","Banking Law of Mongolia","","January 2023","P7-I5","Article 7.2; Section 18.1.2","","","","Article 7.2 of the law mandates that shareholders, the chairperson of the board of directors, members, executive management, review board, and employees of the bank must refrain from disclosing, revealing, or using any information considered confidential by the bank, its customers, or third parties, except in the following circumstances:
- The individual must provide written consent to disclose the Information;
- Disclosure may be made in response to a legitimate request from the authorized official of the Bank of Mongolia, its regulator, or the State Inspector of the Bank of Mongolia;
- If the prosecutor has approved the investigator's proposal upon the request of the management of the court, the prosecutor's organization, or by the requirements of the anti-corruption organization, police organization, or intelligence organization to verify Information related to money laundering and terrorist financing;
- Upon proof of a violation of Mongolian law, a request may be made by an international legal organization or the government of a foreign country with which Mongolia has established an agreement of legal assistance.
- The Financial Regulatory Commission is empowered to submit requests to foreign countries' competent financial regulatory authority per the obligations outlined in agreements and memoranda of understanding concluded by the Commission for monitoring licensed activities;
- Information must be submitted to the credit database in compliance with legal obligations;
- Bailiffs requesting Information on a payer's account must obtain approval from the head of the court's enforcement department;
- The Customs and Tax Department has the authority to demand payment of customs and tax liabilities from specific customers and conduct tax audits as per its legislated functions;
- Auditors of the Deposit Insurance Corporation may demand Information to exercise their powers as stipulated in the Law on Deposit Insurance in Banks;
- Information required by tax authorities under international agreements on exchanging Information for tax purposes is specified in Section 18.1.2 of the General Tax Law;
- The state audit organization has the power to demand Information concerning the implementation of auditing functions as stipulated by law;","https://legalinfo.mn/mn/detail/108","","BGK Timeframe: Since January 2010, last amended January 2023","7","0","Banking sector"
